model,area,school,condval,condsd
Type + PROATCE,Reading,7600001,-10.8555421478271,12.2269240140118
Type + PROATCE,Reading,7600002,6.09595093400026,12.9280120609605
Type + PROATCE,Reading,7600005,13.308527408267,15.1628569304605
Type + PROATCE,Reading,7600006,29.1027918426545,14.1604192047228
Type + PROATCE,Reading,7600007,-1.81010458041646,19.7787152141671
Type + PROATCE,Reading,7600009,-10.2527098435213,14.4453811156235
Type + PROATCE,Reading,7600010,-1.10685121399661,23.2241163333999
Type + PROATCE,Reading,7600011,-63.7836015583715,10.2585675517329
Type + PROATCE,Reading,7600012,-20.9527087126195,22.6125363540606
Type + PROATCE,Reading,7600013,-18.5418834737922,20.238532525645
Type + PROATCE,Reading,7600014,-30.6517658839205,22.7198637862792
Type + PROATCE,Reading,7600015,13.762055415468,15.4088558782448
Type + PROATCE,Reading,7600016,24.1209011871093,17.7117288549747
Type + PROATCE,Reading,7600017,1.13058389462696,17.6202190358288
Type + PROATCE,Reading,7600018,64.6472210605424,21.5590146306489
Type + PROATCE,Reading,7600019,15.6692211223584,12.3041415651335
Type + PROATCE,Reading,7600022,37.2447940370364,11.6648567088519
Type + PROATCE,Reading,7600023,3.51826968999734,20.1464380533178
Type + PROATCE,Reading,7600024,5.14047684432314,26.2238045774672
Type + PROATCE,Reading,7600025,41.3320557037784,14.4451859522091
Type + PROATCE,Reading,7600026,-58.095083516262,12.8972394430786
Type + PROATCE,Reading,7600027,-31.7529444178753,13.5568436919605
Type + PROATCE,Reading,7600028,-17.7729885724534,20.5309133462207
Type + PROATCE,Reading,7600029,21.4982568303798,14.7206932134804
Type + PROATCE,Reading,7600031,10.836623014585,17.1971719242865
Type + PROATCE,Reading,7600033,-33.1372571882718,14.9270721886506
Type + PROATCE,Reading,7600034,6.27701096512029,16.417956472119
Type + PROATCE,Reading,7600035,37.0352473889903,13.7994342283893
Type + PROATCE,Reading,7600036,-15.2567110401729,11.1715814312668
Type + PROATCE,Reading,7600037,10.1864796625523,23.0660043690628
Type + PROATCE,Reading,7600038,-7.38479518801937,18.0352437824996
Type + PROATCE,Reading,7600039,36.5946853405032,19.1495947678303
Type + PROATCE,Reading,7600041,-35.6671002188376,13.5395285735346
Type + PROATCE,Reading,7600042,-31.4226538089864,16.9376718235223
Type + PROATCE,Reading,7600043,-7.55906853604414,13.4923914371944
Type + PROATCE,Reading,7600044,-23.5085335776001,14.7593364541862
Type + PROATCE,Reading,7600045,44.8331950033203,18.1933706007353
Type + PROATCE,Reading,7600046,-12.0001198254717,15.4790787135468
Type + PROATCE,Reading,7600047,-9.91389904454405,15.3626023020419
Type + PROATCE,Reading,7600048,3.04801378170215,14.3031375596517
Type + PROATCE,Reading,7600050,-20.1793570868922,20.1633145797096
Type + PROATCE,Reading,7600051,33.8276971733584,15.3246312149885
Type + PROATCE,Reading,7600052,-19.4652743669469,24.3554460443297
Type + PROATCE,Reading,7600053,-1.17200419845921,19.0075975875911
Type + PROATCE,Reading,7600054,-21.7287423922508,17.7298232201709
Type + PROATCE,Reading,7600055,-2.08235327947167,16.3242050538774
Type + PROATCE,Reading,7600057,17.854869877494,17.7796147440478
Type + PROATCE,Reading,7600058,-14.1117574759158,13.3497305864163
Type + PROATCE,Reading,7600060,11.4738608303845,11.75246199649
Type + PROATCE,Reading,7600061,5.15993868073497,14.8197281889878
Type + PROATCE,Reading,7600062,14.7232597288546,23.0747030459032
Type + PROATCE,Reading,7600063,61.9935759923824,13.3643122544982
Type + PROATCE,Reading,7600064,-8.08060007291841,14.5078697188823
Type + PROATCE,Reading,7600065,-38.2081930695574,15.3479380325579
Type + PROATCE,Reading,7600066,2.30475984434295,13.3052507648578
Type + PROATCE,Reading,7600067,8.13285589971192,17.6467696596033
Type + PROATCE,Reading,7600068,-10.205048861629,14.3784126809319
Type + PROATCE,Reading,7600069,-36.5917195395571,19.6056996985374
Type + PROATCE,Reading,7600070,-23.5422938080532,14.7390557736401
Type + PROATCE,Reading,7600071,23.9277908645835,24.6734770307324
Type + PROATCE,Reading,7600072,5.51497159083654,15.9827395918461
Type + PROATCE,Reading,7600073,16.5054923526147,20.6745886906526
Type + PROATCE,Reading,7600074,-0.920607931335379,16.668449254313
Type + PROATCE,Reading,7600075,19.9730694227166,12.2433439018948
Type + PROATCE,Reading,7600076,-68.4658848978743,15.5531980079733
Type + PROATCE,Reading,7600077,-6.41346749997923,20.6641978478792
Type + PROATCE,Reading,7600078,41.201516248468,13.2330209692029
Type + PROATCE,Reading,7600080,-36.3255190058627,22.599221814249
Type + PROATCE,Reading,7600081,-30.2690879563342,18.7271286724823
Type + PROATCE,Reading,7600082,20.4197020169944,21.6806456372082
Type + PROATCE,Reading,7600083,28.9926908704927,11.978860584878
Type + PROATCE,Reading,7600084,-12.0975477239256,16.0508256817698
Type + PROATCE,Reading,7600085,16.9708248713602,13.3444243513937
Type + PROATCE,Reading,7600086,-6.21898470063126,15.6541811371944
Type + PROATCE,Reading,7600087,10.2363717406342,14.4923975869831
Type + PROATCE,Reading,7600088,2.43734174906312,13.0450288350109
Type + PROATCE,Reading,7600089,20.8546466385176,13.9048029826062
Type + PROATCE,Reading,7600092,-7.62785670062702,13.3513543368068
Type + PROATCE,Reading,7600093,-20.7802748234563,15.8800498324291
Type + PROATCE,Reading,7600094,1.49329761054189,10.5325562980599
Type + PROATCE,Reading,7600095,50.525960249047,19.8424051029285
Type + PROATCE,Reading,7600097,-0.413450464001678,16.4958062046042
Type + PROATCE,Reading,7600098,11.9186955356962,12.8255323949441
Type + PROATCE,Reading,7600099,31.0342047026325,15.7415650748208
Type + PROATCE,Reading,7600100,-39.3764758171569,14.323282822617
Type + PROATCE,Reading,7600101,-1.17259054403391,14.5731882147151
Type + PROATCE,Reading,7600102,36.5411049283015,24.3548286683676
Type + PROATCE,Reading,7600103,-4.41330271258758,13.2144654051796
Type + PROATCE,Reading,7600105,-17.7613736686183,17.0458878374734
Type + PROATCE,Reading,7600106,-14.5225497822175,14.4837589405323
Type + PROATCE,Reading,7600107,-5.32750689648933,14.9154201451694
Type + PROATCE,Reading,7600108,19.872219798603,13.6361100917378
Type + PROATCE,Reading,7600109,-5.67128842189514,14.1270726858207
Type + PROATCE,Reading,7600110,3.4438385278558,15.0809596146526
Type + PROATCE,Reading,7600111,0.609240111108997,19.4389302452309
Type + PROATCE,Reading,7600113,15.8082046087267,13.9766662374662
Type + PROATCE,Reading,7600114,6.97792158845309,18.1180137607452
Type + PROATCE,Reading,7600115,-16.8611947997915,21.0321490355018
Type + PROATCE,Reading,7600116,-21.747854888149,15.1573477353944
Type + PROATCE,Reading,7600117,16.3479910861138,13.3848864748272
Type + PROATCE,Reading,7600119,-22.6128583860726,13.2826784569802
Type + PROATCE,Reading,7600121,-9.51610587400385,13.0827081415229
Type + PROATCE,Reading,7600122,-4.76696129284986,22.2094281420455
Type + PROATCE,Reading,7600123,6.01639369850962,14.7649830064998
Type + PROATCE,Reading,7600124,-28.2648210675477,12.8603804171452
Type + PROATCE,Reading,7600125,21.6975829508987,23.5447950937015
Type + PROATCE,Reading,7600127,-61.8745320697543,15.984180574217
Type + PROATCE,Reading,7600128,-2.38623383976571,18.0527844626396
Type + PROATCE,Reading,7600129,-37.761015341195,17.9152396356429
Type + PROATCE,Reading,7600130,-4.0151322315917,12.5664654910482
Type + PROATCE,Reading,7600131,-6.7138122343282,11.1513729853091
Type + PROATCE,Reading,7600132,9.53620488936864,17.7332145082097
Type + PROATCE,Reading,7600133,-37.7245993385941,15.041752155397
Type + PROATCE,Reading,7600136,14.2219733087104,14.4457874462166
Type + PROATCE,Reading,7600137,10.8949131142054,20.039975791671
Type + PROATCE,Reading,7600138,-33.9907268532422,14.1145317770821
Type + PROATCE,Reading,7600139,7.20315420202261,15.9706258289168
Type + PROATCE,Reading,7600140,4.06066125182286,12.2539929818555
Type + PROATCE,Reading,7600143,-10.6043734658733,16.8359363712788
Type + PROATCE,Reading,7600144,2.78958774179023,12.7819047024663
Type + PROATCE,Reading,7600145,-16.5539664065023,18.7826953151661
Type + PROATCE,Reading,7600147,-11.007502929317,13.3490287317581
Type + PROATCE,Reading,7600148,-0.814578904007566,24.0321861985151
Type + PROATCE,Reading,7600149,54.3742666129587,14.6473622364012
Type + PROATCE,Reading,7600150,3.95212916833031,14.9338193939322
Type + PROATCE,Reading,7600151,16.2162712609821,17.4195801135157
Type + PROATCE,Reading,7600152,-44.7628994621019,24.9532268077093
Type + PROATCE,Reading,7600153,-34.7358807037341,16.2346980431615
Type + PROATCE,Reading,7600155,14.0879439309566,20.5679188411848
Type + PROATCE,Reading,7600156,-48.319151233755,11.9484914673614
Type + PROATCE,Reading,7600158,39.1533091359979,14.2638057695296
Type + PROATCE,Reading,7600159,11.719867022599,12.2471905420765
Type + PROATCE,Reading,7600161,17.6439727113405,15.1823306500247
Type + PROATCE,Reading,7600163,-14.5830668909232,12.7446582949741
Type + PROATCE,Reading,7600164,6.94343239657144,13.7934424232638
Type + PROATCE,Reading,7600165,9.33053879478307,12.8854146393661
Type + PROATCE,Reading,7600166,-20.8387846826725,17.1008318970944
Type + PROATCE,Reading,7600170,-18.6457205902496,16.1408540494802
Type + PROATCE,Reading,7600172,-10.6715750454462,14.6753997444413
Type + PROATCE,Reading,7600175,0.403521200017685,21.2583180321071
Type + PROATCE,Reading,7600176,10.703492965442,13.7155710023006
Type + PROATCE,Reading,7600178,-5.45292776315629,13.3014917105644
Type + PROATCE,Reading,7600179,-12.7375708192807,13.1397318230448
Type + PROATCE,Reading,7600182,-39.5597582813632,17.0418749766161
Type + PROATCE,Reading,7600183,49.5525373382381,15.8025136836183
Type + PROATCE,Reading,7600184,9.64358379923203,17.7244354622089
Type + PROATCE,Reading,7600185,-44.4925418172112,14.0494786310214
Type + PROATCE,Reading,7600186,44.4716070060529,16.0107469775284
Type + PROATCE,Reading,7600187,27.6174645744751,14.4416984827472
Type + PROATCE,Reading,7600188,-16.4595076545549,14.0572525117524
Type + PROATCE,Reading,7600191,-6.74965273066017,20.4941571980028
Type + PROATCE,Reading,7600192,9.76436399841241,24.7392521244539
Type + PROATCE,Reading,7600193,-28.9581460941718,17.5599824670432
Type + PROATCE,Reading,7600194,13.9953354956281,14.1831365732737
Type + PROATCE,Reading,7600195,29.1194121627705,8.92345562122831
Type + PROATCE,Reading,7600196,66.3412699806667,13.9279016090363
Type + PROATCE,Reading,7600197,-36.9935945666143,14.6891596464576
Type + PROATCE,Reading,7600198,-14.3446793797898,12.7423613417306
Type + PROATCE,Reading,7600200,-49.6968913397896,13.6318385399133
Type + PROATCE,Reading,7600201,-6.54063759900594,17.863636650707
Type + PROATCE,Reading,7600202,-28.9741946602121,16.3428616460262
Type + PROATCE,Reading,7600203,11.0494732736471,27.5504009195742
Type + PROATCE,Reading,7600204,-3.66735305525242,12.2791403649381
Type + PROATCE,Reading,7600205,-31.1269952685527,15.9230909635247
Type + PROATCE,Reading,7600206,-68.7408097119467,15.4235971735665
Type + PROATCE,Reading,7600207,5.24911284643834,18.8927124474952
Type + PROATCE,Reading,7600208,-34.0452057098545,15.3671011628222
Type + PROATCE,Reading,7600209,3.79172850892751,20.0111906439655
Type + PROATCE,Reading,7600212,3.28828337029627,26.5660199647567
Type + PROATCE,Reading,7600213,-33.3601821527731,9.09049832383247
Type + PROATCE,Reading,7600214,-10.5383203019427,12.1795559731011
Type + PROATCE,Reading,7600215,31.1844424170223,15.2414164165551
Type + PROATCE,Reading,7600217,-18.1593211653754,11.4875744861596
Type + PROATCE,Reading,7600218,-18.256774458633,16.8174715386867
Type + PROATCE,Reading,7600219,21.845979703502,11.3876227077314
Type + PROATCE,Reading,7600220,-5.13555054789058,21.5590146306489
Type + PROATCE,Reading,7600222,35.406133427671,12.025945576085
Type + PROATCE,Reading,7600223,-22.5079962609024,12.0477175822327
Type + PROATCE,Reading,7600224,-9.45537418848194,19.73743176537
Type + PROATCE,Reading,7600225,-6.82996707418164,15.4283585365808
Type + PROATCE,Reading,7600227,-9.44817110470642,11.589725849067
Type + PROATCE,Reading,7600228,-26.8917558343828,23.4675952627812
Type + PROATCE,Reading,7600229,18.7236520628036,17.1561553059003
Type + PROATCE,Reading,7600230,-34.1469690514744,11.8155990899817
Type + PROATCE,Reading,7600231,12.6863559427839,12.3255128306528
Type + PROATCE,Reading,7600232,-32.2388575965119,17.3118650914734
Type + PROATCE,Reading,7600233,61.5005320602343,10.2550618074285
Type + PROATCE,Reading,7600234,28.1767046300868,15.5267595272592
Type + PROATCE,Reading,7600235,14.4819481988468,25.2614427043072
Type + PROATCE,Reading,7600236,-42.5992301654927,16.3389722951409
Type + PROATCE,Reading,7600237,-3.97332875464782,13.9082781682857
Type + PROATCE,Reading,7600238,-8.7242495615187,21.395602231559
Type + PROATCE,Reading,7600239,42.0627887347935,12.8105843471338
Type + PROATCE,Reading,7600241,-12.4402926767427,22.4130493403343
Type + PROATCE,Reading,7600242,-4.54813832500217,13.2177202651936
Type + PROATCE,Reading,7600243,-13.3866269701702,16.1532389746258
Type + PROATCE,Reading,7600244,-2.03537096777561,18.6096367403703
Type + PROATCE,Reading,7600245,18.4095110267671,19.1369866379888
Type + PROATCE,Reading,7600246,-6.39182718281973,17.9712141718458
Type + PROATCE,Reading,7600247,75.7824747405571,13.9136644769982
Type + PROATCE,Reading,7600249,8.67348791032747,28.100774753117
Type + PROATCE,Reading,7600250,-9.53138308684685,14.1811973171938
Type + PROATCE,Reading,7600251,18.392557332092,18.3789516371036
Type + PROATCE,Reading,7600252,-18.9955967312654,25.7433471271945
Type + PROATCE,Reading,7600253,26.7686023681911,9.30946990224098
Type + PROATCE,Reading,7600254,46.1807543362667,13.9593816968212
Type + PROATCE,Reading,7600255,26.0590454366648,13.0179711881399
Type + PROATCE,Reading,7600256,14.2351673521199,28.7046642566357
Type + PROATCE,Reading,7600259,-17.108157205655,22.2922909918084
Type + PROATCE,Reading,7600260,0.764751409376032,14.7279438137394
Type + PROATCE,Reading,7600261,-36.8080161392539,16.9453004735644
Type + PROATCE,Reading,7600262,-28.7566527438114,19.4129501301069
Type + PROATCE,Reading,7600263,-29.7479212690872,9.45554652035262
Type + PROATCE,Reading,7600264,16.521989624595,21.2007135092263
Type + PROATCE,Reading,7600268,-7.19637889508541,15.2875693873987
Type + PROATCE,Reading,7600269,1.699985671518,11.2331666983402
Type + PROATCE,Reading,7600270,10.5761429730224,14.5458486800864
Type + PROATCE,Reading,7600271,10.07535686896,19.267291862283
Type + PROATCE,Reading,7600273,-28.0276237609293,15.2823499354312
Type + PROATCE,Reading,7600274,-9.3918452457243,12.8611374156736
Type + PROATCE,Reading,7600275,24.3892888399522,24.3930628244456
Type + PROATCE,Reading,7600276,9.47635390637726,8.74292151836249
Type + PROATCE,Reading,7600277,-2.98929809890761,15.2782247287036
Type + PROATCE,Reading,7600278,10.7833273524755,20.2028700489142
Type + PROATCE,Reading,7600279,12.2271983106105,18.3722387017871
Type + PROATCE,Reading,7600280,-18.0607666287209,13.1669905984475
Type + PROATCE,Reading,7600281,-18.6667627756565,12.2804068049611
Type + PROATCE,Reading,7600282,2.80941515484318,11.0756107023577
Type + PROATCE,Reading,7600283,3.73789340235238,13.3448469516438
Type + PROATCE,Reading,7600284,-0.476230805504769,14.3121291734802
Type + PROATCE,Reading,7600285,32.7310496978612,18.4806235896727
Type + PROATCE,Reading,7600286,18.3721646314011,14.257448964978
Type + PROATCE,Reading,7600287,17.3353976253689,17.8240438527884
Type + PROATCE,Reading,7600288,8.52455394123539,19.9756865128255
Type + PROATCE,Reading,7600289,-28.3142170467271,23.369131348712
Type + PROATCE,Reading,7600290,-8.57858993975336,15.4083113588945
Type + PROATCE,Reading,7600291,9.96431331207528,13.0471556831468
Type + PROATCE,Reading,7600293,-30.0954501816119,17.7941834179689
Type + PROATCE,Reading,7600294,74.5017547466855,15.7526697417672
Type + PROATCE,Reading,7600295,-5.82983399204258,14.9832878647131
Type + PROATCE,Reading,7600296,19.188949387963,16.9490562882687
Type + PROATCE,Reading,7600297,12.5863490847085,15.3423766819496
Type + PROATCE,Reading,7600298,-18.9027330627303,15.6501274661399
Type + PROATCE,Reading,7600299,3.93974284116383,18.079929516085
Type + PROATCE,Reading,7600300,-45.4195103439574,15.1330206287849
Type + PROATCE,Reading,7600302,-30.1252450313643,18.0002040331667
Type + PROATCE,Reading,7600304,47.2325266337409,17.2689026150945
Type + PROATCE,Reading,7600305,-3.53117968442106,19.7328838369515
Type + PROATCE,Reading,7600307,9.5073579220071,13.5926305576578
Type + PROATCE,Reading,7600308,-15.7082694843711,13.8084751927158
Type + PROATCE,Reading,7600309,-2.68512817148444,17.3245971713764
Type + PROATCE,Reading,7600310,-30.7436680769909,17.1586291460729
Type + PROATCE,Reading,7600312,-63.4928621547082,14.2167937501795
Type + PROATCE,Reading,7600313,10.1828039080968,22.8331760230557
Type + PROATCE,Reading,7600316,-16.6161627589027,24.5043424216438
Type + PROATCE,Reading,7600317,-28.1713714700246,16.1113637312821
Type + PROATCE,Reading,7600318,84.0676512458982,17.5728732589563
Type + PROATCE,Reading,7600319,1.15793100336758,17.1908139011694
Type + PROATCE,Reading,7600320,37.9257140489916,13.330498707004
Type + PROATCE,Reading,7600322,-2.32337320890729,18.0554703804541
Type + PROATCE,Reading,7600323,4.71222252294879,13.3267236956016
Type + PROATCE,Reading,7600324,-9.434150521445,14.1808243558774
Type + PROATCE,Reading,7600325,16.5466587693481,12.8643406068202
Type + PROATCE,Reading,7600326,-18.2463765792162,13.2384626094603
Type + PROATCE,Reading,7600327,-29.4529875502515,17.7835313631657
Type + PROATCE,Reading,7600328,0.603076734490867,22.3295239608215
Type + PROATCE,Reading,7600329,61.1314824194417,15.1224213594072
Type + PROATCE,Reading,7600330,1.72344701438626,16.3916188513415
Type + PROATCE,Reading,7600332,-3.6127324046217,27.0889502748037
Type + PROATCE,Reading,7600333,46.1113233907633,17.7469137252384
Type + PROATCE,Reading,7600334,-26.2693452646413,18.6418259352189
Type + PROATCE,Reading,7600335,-2.95004238592836,13.611107285988
Type + PROATCE,Reading,7600336,-42.8906929060098,18.7308779390714
Type + PROATCE,Reading,7600337,-3.38822850083489,13.0304084250011
Type + PROATCE,Reading,7600338,-24.714546833849,15.8201057148347
Type + PROATCE,Reading,7600339,-10.6385957638312,16.6707579951297
Type + PROATCE,Reading,7600341,-23.5616370022231,13.0337521906875
Type + PROATCE,Reading,7600342,-42.113422500621,19.6981873659569
Type + PROATCE,Reading,7600343,62.30742421005,13.5246476176017
Type + PROATCE,Reading,7600344,6.7061143840599,27.1641336007786
Type + PROATCE,Reading,7600345,21.1118873687018,19.2939808307115
Type + PROATCE,Reading,7600347,43.0804287567381,18.4743496277647
Type + PROATCE,Reading,7600348,-18.8389935195466,14.1291795181852
Type + PROATCE,Reading,7600349,13.2935242416315,17.6211077929533
Type + PROATCE,Reading,7600351,-35.2636849784169,26.4532472739015
Type + PROATCE,Reading,7600352,5.49909872164097,15.4992577531678
Type + PROATCE,Reading,7600353,-9.8085011756029,12.9233517749864
Type + PROATCE,Reading,7600354,-30.4648753366503,14.6054573653628
Type + PROATCE,Reading,7600357,-11.4601728555839,18.7481311820186
Type + PROATCE,Reading,7600358,2.36486962619779,23.0050917529657
Type + PROATCE,Reading,7600359,3.4824834994358,16.6818142417494
Type + PROATCE,Reading,7600360,-2.92300388558959,13.0034151015214
Type + PROATCE,Reading,7600361,29.3289195848039,15.4646640279826
Type + PROATCE,Reading,7600362,2.84842407273761,17.6314093678842
Type + PROATCE,Reading,7600363,-18.1072876934143,13.7106877060767
Type + PROATCE,Reading,7600364,23.8259299893007,20.2266138131467
Type + PROATCE,Reading,7600365,23.7509702159391,14.3019222736304
Type + PROATCE,Reading,7600366,-28.1268049266977,14.9954677673976
Type + PROATCE,Reading,7600367,31.5391780293193,13.4011542260141
Type + PROATCE,Reading,7600368,-20.1785445350781,22.2006769059083
Type + PROATCE,Reading,7600369,-36.1817624021566,14.7623059260125
Type + PROATCE,Reading,7600370,-16.1925816540356,22.8442425881326
Type + PROATCE,Reading,7600372,21.0226225125998,21.5458425500665
Type + PROATCE,Reading,7600373,-3.04417065128085,13.1224393197871
Type + PROATCE,Reading,7600374,17.9410768237676,13.6010083361319
Type + PROATCE,Reading,7600375,-20.5542217836105,21.0624682408951
Type + PROATCE,Reading,7600376,9.49847041710119,14.7493485235828
Type + PROATCE,Reading,7600377,85.3473022179439,20.0640822147845
Type + PROATCE,Reading,7600378,-6.56257430502035,16.1392018203816
Type + PROATCE,Reading,7600379,-25.4949864790765,14.8370732470406
Type + PROATCE,Reading,7600380,-6.1922725697358,15.6438959876795
Type + PROATCE,Reading,7600382,-12.7127027026656,15.4110944538369
Type + PROATCE,Reading,7600383,-17.5760913618203,16.2584569098915
Type + PROATCE,Reading,7600384,-13.9724226231243,13.3818022434686
Type + PROATCE,Reading,7600385,18.0859813323812,16.5249679692136
Type + PROATCE,Reading,7600386,-0.773115447069711,12.392710595926
Type + PROATCE,Reading,7600388,83.1947073876168,12.4090642484666
Type + PROATCE,Reading,7600389,13.2984586337744,15.7937180854132
Type + PROATCE,Reading,7600391,-31.8307839516591,14.759259387573
Type + PROATCE,Reading,7600394,-26.7343201297757,24.8000731395831
Type + PROATCE,Reading,7600395,7.59889936219777,13.7966439997479
Type + PROATCE,Reading,7600396,47.0741811804241,15.8409797731019
Type + PROATCE,Reading,7600397,-17.5645251825875,13.2003226110766
Type + PROATCE,Reading,7600398,17.4820218208983,15.0557290472482
Type + PROATCE,Reading,7600399,36.6008039059188,13.7543698329869
Type + PROATCE,Reading,7600400,-15.4511276150983,13.8521761440592
Type + PROATCE,Reading,7600402,-5.64238096067105,16.6436086531567
Type + PROATCE,Reading,7600403,-21.5369156463084,13.6669400262627
Type + PROATCE,Reading,7600404,-6.76484577123046,13.4309201801367
Type + PROATCE,Reading,7600405,0.939890936491683,15.4287895328401
Type + PROATCE,Reading,7600406,-35.9276798350263,13.7326382632432
Type + PROATCE,Reading,7600407,40.7687115988902,19.4666532592687
Type + PROATCE,Reading,7600408,-10.5841145505139,10.3894923528574
Type + PROATCE,Reading,7600410,-5.32751011395403,20.2188085472627
Type + PROATCE,Reading,7600411,33.5510577358827,18.1694561732074
Type + PROATCE,Reading,7600412,2.38812274939673,22.7262693406245
Type + PROATCE,Reading,7600413,-38.7682659419958,11.0103634446021
Type + PROATCE,Reading,7600415,-17.1661169176488,20.510636707508
Type + PROATCE,Reading,7600417,-26.0150297672861,14.3632326030475
Type + PROATCE,Reading,7600418,15.1681941622515,22.4535481958099
Type + PROATCE,Reading,7600419,4.42957352477826,17.5271791735609
Type + PROATCE,Reading,7600420,-3.30453047361843,15.6566242418822
Type + PROATCE,Reading,7600422,-18.3656644144878,14.4957221482641
Type + PROATCE,Reading,7600425,4.17043496517846,17.8486986741964
Type + PROATCE,Reading,7600426,14.7586266438903,16.9816848201738
Type + PROATCE,Reading,7600427,25.1991285054026,13.2091997379599
Type + PROATCE,Reading,7600428,55.6445539613264,15.2441944150125
Type + PROATCE,Reading,7600429,-25.1351434420303,17.1602026030881
Type + PROATCE,Reading,7600430,9.82051404957872,14.1816291578566
Type + PROATCE,Reading,7600431,35.562635292279,20.6188531354425
Type + PROATCE,Reading,7600432,-18.5006911535401,16.0527945905754
Type + PROATCE,Reading,7600433,28.9215712029704,20.5790417140064
Type + PROATCE,Reading,7600434,22.8129111188031,13.4111331826146
Type + PROATCE,Reading,7600436,-40.414911683942,13.5702063198491
Type + PROATCE,Reading,7600438,33.6342572278749,27.1174445528597
Type + PROATCE,Reading,7600439,-25.9795412745329,12.7583591000127
Type + PROATCE,Reading,7600440,12.0384202472555,20.7387766529217
Type + PROATCE,Reading,7600442,-10.9137189005172,23.4026596662371
Type + PROATCE,Reading,7600443,32.008393458531,9.93370657331427
Type + PROATCE,Reading,7600444,-7.78837551409047,13.7501321194725
Type + PROATCE,Reading,7600445,-2.91984051492077,15.179766737287
Type + PROATCE,Reading,7600446,-2.2201394845083,15.8229814587116
Type + PROATCE,Reading,7600447,-8.2072293647107,16.8210680777157
Type + PROATCE,Reading,7600448,-14.1076477226897,13.0464478092713
Type + PROATCE,Reading,7600449,34.299230587558,17.6044180446693
Type + PROATCE,Reading,7600450,-13.8245735362872,15.3132193702383
Type + PROATCE,Reading,7600451,-16.5481332752146,14.5052543972205
Type + PROATCE,Reading,7600454,4.70680359738704,15.008403555865
Type + PROATCE,Reading,7600456,-49.0163377537427,13.4396897399058
Type + PROATCE,Reading,7600457,2.08612133983102,21.6524459114885
Type + PROATCE,Reading,7600458,-12.9337315070614,18.8293337346173
Type + PROATCE,Reading,7600459,-32.5058875831705,18.2278096507317
Type + PROATCE,Reading,7600460,33.0731523050687,16.6848188147825
Type + PROATCE,Reading,7600461,5.47545831742001,13.7225079620092
Type + PROATCE,Reading,7600462,6.88579082132704,19.2572831576596
Type + PROATCE,Reading,7600463,25.3312136730441,14.5194959042366
Type + PROATCE,Reading,7600468,-23.2283330559213,12.6524619355058
Type + PROATCE,Reading,7600470,12.5898801777493,20.5044928069121
Type + PROATCE,Reading,7600471,8.88102752136634,13.3962257314691
Type + PROATCE,Reading,7600474,-35.1892781447873,18.3971921672855
Type + PROATCE,Reading,7600475,-16.6514824363517,16.5982831671076
Type + PROATCE,Reading,7600476,-15.5664790295006,27.3663717601862
Type + PROATCE,Reading,7600477,26.9431859671203,17.0546961924089
Type + PROATCE,Reading,7600478,23.4917044458968,22.5830277226631
Type + PROATCE,Reading,7600480,50.0274576467594,15.878753908165
Type + PROATCE,Reading,7600481,4.04132209424702,18.9620290637893
Type + PROATCE,Reading,7600483,-35.5731033233605,12.6789637663131
Type + PROATCE,Reading,7600485,4.07355693418532,15.0956058569743
Type + PROATCE,Reading,7600488,101.223628989948,14.8627673499922
Type + PROATCE,Reading,7600489,13.4978084768474,19.4894605213688
Type + PROATCE,Reading,7600490,-39.6906165274999,19.5077890399302
Type + PROATCE,Reading,7600492,16.3506726216239,20.2521670378642
Type + PROATCE,Reading,7600493,-29.9621010539211,11.8386886622745
Type + PROATCE,Reading,7600497,112.230007767372,15.5136612767589
Type + PROATCE,Reading,7600498,18.9536165035026,15.0373504788265
Type + PROATCE,Reading,7600499,10.116422298196,14.0260727385484
Type + PROATCE,Reading,7600500,60.5272389510834,16.4660303976854
Type + PROATCE,Reading,7600501,20.2294425602955,14.243529038765
Type + PROATCE,Reading,7600502,2.42887108675206,15.1607054869513
Type + PROATCE,Reading,7600503,-3.07389522516703,23.5559226008197
Type + PROATCE,Reading,7600504,-23.909722269365,18.2623123030266
Type + PROATCE,Reading,7600505,9.41051139513649,12.603686915369
Type + PROATCE,Reading,7600506,55.4885321004343,13.6975181949688
Type + PROATCE,Reading,7600507,-38.9638261829796,18.9826789917178
Type + PROATCE,Reading,7600508,-39.7398295758046,12.724116147644
Type + PROATCE,Reading,7600509,50.6940858118606,17.1472178389644
Type + PROATCE,Reading,7600512,-28.1692154067944,20.3193239785983
Type + PROATCE,Reading,7600514,-54.2702565503836,13.72332231585
Type + PROATCE,Reading,7600515,-51.7669083184212,15.7349196337051
Type + PROATCE,Reading,7600516,-18.6359465340055,15.7393774602035
Type + PROATCE,Reading,7600517,-9.11918501826806,12.5890298618257
Type + PROATCE,Reading,7600520,-24.8587916754575,13.9071913156547
Type + PROATCE,Reading,7600521,-63.1580712198609,17.9644509468667
Type + PROATCE,Reading,7600522,-10.7994032573117,26.6458716411241
Type + PROATCE,Reading,7600523,8.45430390572761,18.078777433666
Type + PROATCE,Reading,7600524,-7.05167804158389,18.5720761880572
Type + PROATCE,Reading,7600526,103.852226610365,14.2504245965476
Type + PROATCE,Reading,7600527,10.9103145540831,15.2611452300402
Type + PROATCE,Reading,7600529,18.7320411547021,15.9356353330286
Type + PROATCE,Reading,7600530,-3.5313733938502,14.5721939598552
Type + PROATCE,Reading,7600531,32.4399750175073,11.1160599807256
Type + PROATCE,Reading,7600532,-7.42525509052704,20.4347561392357
Type + PROATCE,Reading,7600533,37.4602699682146,12.5843766976434
Type + PROATCE,Reading,7600535,-16.5448033669484,26.0825887025998
Type + PROATCE,Reading,7600537,-7.78936980550675,16.680929098229
Type + PROATCE,Reading,7600539,-35.6016242270487,21.4180857386135
Type + PROATCE,Reading,7600540,-26.1463178662634,12.7113869480677
Type + PROATCE,Reading,7600541,61.608915022205,13.0276936456169
Type + PROATCE,Reading,7600542,24.6970263842093,12.6063947392601
Type + PROATCE,Reading,7600543,44.9740043541052,15.3088664935851
Type + PROATCE,Reading,7600544,16.5190943245863,24.881441197265
Type + PROATCE,Reading,7600546,-13.1597122295854,12.7653735824088
Type + PROATCE,Reading,7600547,43.4425903556486,11.696445585411
Type + PROATCE,Reading,7600548,-13.6351424132211,18.2982511539567
Type + PROATCE,Reading,7600549,12.0068666627832,20.1802084254847
Type + PROATCE,Reading,7600550,-14.1269527795072,15.1224056326344
Type + PROATCE,Reading,7600551,38.597305235313,9.39091799085391
Type + PROATCE,Reading,7600552,-14.9758613585464,26.154457848945
Type + PROATCE,Reading,7600553,-5.77434238095552,16.3848938825355
Type + PROATCE,Reading,7600554,-45.3608374777976,23.2663176427319
Type + PROATCE,Reading,7600555,6.3385654396696,12.9182075536115
Type + PROATCE,Reading,7600556,-26.3135745626427,15.6309266392203
Type + PROATCE,Reading,7600557,-7.58142683384296,15.8070879330177
Type + PROATCE,Reading,7600558,-7.29860255320794,18.8887050798343
Type + PROATCE,Reading,7600560,-59.5705565461446,9.62389786910468
Type + PROATCE,Reading,7600561,15.260056211212,27.1912441958857
Type + PROATCE,Reading,7600563,19.1529187412544,14.8398296998134
Type + PROATCE,Reading,7600565,-24.5210410260663,20.5538681490576
Type + PROATCE,Reading,7600566,-21.1287679739112,18.4692649859818
Type + PROATCE,Reading,7600567,-34.2272824353249,17.7528100053586
Type + PROATCE,Reading,7600568,13.0885099947648,11.9459628160946
Type + PROATCE,Reading,7600570,-49.0242101067083,15.6409034509947
Type + PROATCE,Reading,7600571,-0.708215697733169,17.7506823451173
Type + PROATCE,Reading,7600573,-25.1193969418726,16.3082960316415
Type + PROATCE,Reading,7600574,-4.59248908892077,13.6942343304777
Type + PROATCE,Reading,7600575,13.1929012234526,11.7849269301423
Type + PROATCE,Reading,7600577,-44.5697928338837,18.4593004212626
Type + PROATCE,Reading,7600578,-18.9951706875552,15.2569370152842
Type + PROATCE,Reading,7600579,-27.2227469742318,14.790442182357
Type + PROATCE,Reading,7600580,13.3736020060658,27.599504466264
Type + PROATCE,Reading,7600581,-8.45983972950182,14.7858368156559
Type + PROATCE,Reading,7600582,-46.0366990977405,14.2170772300756
Type + PROATCE,Reading,7600583,57.3093233738805,10.8805960043426
Type + PROATCE,Reading,7600584,39.8515599688407,13.6189425208145
Type + PROATCE,Reading,7600586,2.1312150088728,14.3850917307972
Type + PROATCE,Reading,7600587,11.058205277065,16.093911407344
Type + PROATCE,Reading,7600589,-31.0377520052458,11.9948389882141
Type + PROATCE,Reading,7600590,7.42917879763577,11.631332119119
Type + PROATCE,Reading,7600591,8.08013725863892,25.6075531884485
Type + PROATCE,Reading,7600593,-15.9103356121852,19.1030874670528
Type + PROATCE,Reading,7600594,14.1449175321919,12.7558605183938
Type + PROATCE,Reading,7600595,-21.5737961306144,12.550161993172
Type + PROATCE,Reading,7600596,-20.3886999022299,15.8707016805233
Type + PROATCE,Reading,7600597,13.6255545814841,22.6350444115529
Type + PROATCE,Reading,7600598,82.2738112813719,12.1042223241863
Type + PROATCE,Reading,7600600,-14.805807812504,20.8159013821352
Type + PROATCE,Reading,7600601,43.0954810468669,12.240584074159
Type + PROATCE,Reading,7600602,-6.86346865267286,17.0323604595482
Type + PROATCE,Reading,7600603,31.1703168208368,18.5800375039513
Type + PROATCE,Reading,7600604,18.0909080498714,23.8282214439553
Type + PROATCE,Reading,7600605,-9.99062307399927,11.4474448249081
Type + PROATCE,Reading,7600608,-11.8343751051119,14.1344397992662
Type + PROATCE,Reading,7600609,-22.262341030255,22.5093469352499
Type + PROATCE,Reading,7600610,-52.6956963845806,18.2959713787808
Type + PROATCE,Reading,7600611,20.6814165552438,15.8238352205838
Type + PROATCE,Reading,7600612,-14.7554530312775,16.462418181907
Type + PROATCE,Reading,7600613,11.073363412387,21.0993370806818
Type + PROATCE,Reading,7600615,30.8416758345246,15.9494724007818
Type + PROATCE,Reading,7600616,22.4977865354631,11.8822219280674
Type + PROATCE,Reading,7600617,34.6174333920115,12.9419347297209
Type + PROATCE,Reading,7600618,7.11208590096095,22.9979151883542
Type + PROATCE,Reading,7600619,-57.6432169420697,19.578104234758
Type + PROATCE,Reading,7600620,9.34546266916224,13.8670688178831
Type + PROATCE,Reading,7600621,9.89459084174032,13.0802196140713
Type + PROATCE,Reading,7600622,-20.4055916021519,17.5573140665535
Type + PROATCE,Reading,7600624,10.4736471636662,13.5219474990921
Type + PROATCE,Reading,7600625,-16.0933431324592,15.0997980770188
Type + PROATCE,Mathematics,7600001,-8.39440194993254,10.7123603621347
Type + PROATCE,Mathematics,7600002,1.10698988484569,11.3332919180823
Type + PROATCE,Mathematics,7600005,4.83826835558188,13.3205347096747
Type + PROATCE,Mathematics,7600006,8.12033644674109,12.4275916545793
Type + PROATCE,Mathematics,7600007,-0.187018741314042,17.471079237293
Type + PROATCE,Mathematics,7600009,-11.6250324776567,12.6811581385479
Type + PROATCE,Mathematics,7600010,0.0485026656093411,20.6197475069532
Type + PROATCE,Mathematics,7600011,-37.83792717005,8.97456254239661
Type + PROATCE,Mathematics,7600012,-14.3939723644583,20.057198828168
Type + PROATCE,Mathematics,7600013,-16.526339241666,17.8885374375241
Type + PROATCE,Mathematics,7600014,-19.6034992154439,20.1558017032088
Type + PROATCE,Mathematics,7600015,4.90427027130863,13.5400781995775
Type + PROATCE,Mathematics,7600016,18.4072984551066,15.6039195824489
Type + PROATCE,Mathematics,7600017,-8.0716911118351,15.5215937816406
Type + PROATCE,Mathematics,7600018,34.6312421761238,19.0919464737045
Type + PROATCE,Mathematics,7600019,28.2517232738188,10.7806958552656
Type + PROATCE,Mathematics,7600022,32.7396373523309,10.2153314594261
Type + PROATCE,Mathematics,7600023,-4.26004870690813,17.8048627965607
Type + PROATCE,Mathematics,7600024,16.6352297130937,23.4045222832095
Type + PROATCE,Mathematics,7600025,37.9564163784482,12.68098440515
Type + PROATCE,Mathematics,7600026,-27.4001317944908,11.3060142176326
Type + PROATCE,Mathematics,7600027,-31.3483621869894,11.8911931592328
Type + PROATCE,Mathematics,7600028,-37.2065538985174,18.1544028449935
Type + PROATCE,Mathematics,7600029,7.34878940034068,12.9263390365262
Type + PROATCE,Mathematics,7600031,25.5460251295186,15.1413558403215
Type + PROATCE,Mathematics,7600033,-17.8070268200887,13.1102632114063
Type + PROATCE,Mathematics,7600034,9.82866541717476,14.4424626002348
Type + PROATCE,Mathematics,7600035,31.0076069080333,12.1066747811164
Type + PROATCE,Mathematics,7600036,-16.6627365892243,9.77967486194618
Type + PROATCE,Mathematics,7600037,7.63620913475066,20.4741517054729
Type + PROATCE,Mathematics,7600038,5.65350180225482,15.8951871291761
Type + PROATCE,Mathematics,7600039,25.0079622374714,16.9011849640143
Type + PROATCE,Mathematics,7600041,-13.6814346663578,11.8758184729056
Type + PROATCE,Mathematics,7600042,-42.8391987945374,14.9083965920853
Type + PROATCE,Mathematics,7600043,5.32262844487769,11.8339674848342
Type + PROATCE,Mathematics,7600044,-14.1226117172803,12.960769068481
Type + PROATCE,Mathematics,7600045,26.6462158086391,16.0376790015527
Type + PROATCE,Mathematics,7600046,-8.29844167365235,13.6027800162027
Type + PROATCE,Mathematics,7600047,-28.4393771189365,13.4987860279684
Type + PROATCE,Mathematics,7600048,-4.94009800671942,12.5545599571786
Type + PROATCE,Mathematics,7600050,-32.1072622153157,17.8201939498118
Type + PROATCE,Mathematics,7600051,28.1701806669491,13.4648923844558
Type + PROATCE,Mathematics,7600052,-1.7109372293338,21.664878338548
Type + PROATCE,Mathematics,7600053,-0.632686957490097,16.7727536943335
Type + PROATCE,Mathematics,7600054,8.81394438461342,15.6202012203675
Type + PROATCE,Mathematics,7600055,-0.78219960580616,14.3585000447026
Type + PROATCE,Mathematics,7600057,14.1497880589006,15.6650100802804
Type + PROATCE,Mathematics,7600058,-11.9030064797351,11.707337890439
Type + PROATCE,Mathematics,7600060,-4.66844967193013,10.2927557839665
Type + PROATCE,Mathematics,7600061,-2.76256625080899,13.014584380367
Type + PROATCE,Mathematics,7600062,12.0340556266573,20.4821588708936
Type + PROATCE,Mathematics,7600063,56.0849078956076,11.7202787253185
Type + PROATCE,Mathematics,7600064,-1.61776737933857,12.7367902645307
Type + PROATCE,Mathematics,7600065,-20.3809040084914,13.4856959732976
Type + PROATCE,Mathematics,7600066,25.7619041530752,11.6678663966798
Type + PROATCE,Mathematics,7600067,-0.303190008245917,15.5454769438598
Type + PROATCE,Mathematics,7600068,-8.75445616720078,12.6215490268056
Type + PROATCE,Mathematics,7600069,-16.9675657881047,17.3142071013573
Type + PROATCE,Mathematics,7600070,-22.2189711277374,12.9426990606601
Type + PROATCE,Mathematics,7600071,19.9413163459282,21.9597692621381
Type + PROATCE,Mathematics,7600072,-5.31997460167986,14.0529085848041
Type + PROATCE,Mathematics,7600073,24.2275618325079,18.2851700849893
Type + PROATCE,Mathematics,7600074,-3.77537602632576,14.6669307035384
Type + PROATCE,Mathematics,7600075,18.3386917917025,10.7268904390419
Type + PROATCE,Mathematics,7600076,-47.7424111494427,13.6689760257433
Type + PROATCE,Mathematics,7600077,3.69908554886054,18.2757100696124
Type + PROATCE,Mathematics,7600078,30.0740526699499,11.6037795579053
Type + PROATCE,Mathematics,7600080,-28.2074081717733,20.0449701360732
Type + PROATCE,Mathematics,7600081,-16.8106520006549,16.5192896418213
Type + PROATCE,Mathematics,7600082,31.6111825703285,19.2031475629151
Type + PROATCE,Mathematics,7600083,5.68816024708894,10.4929182198936
Type + PROATCE,Mathematics,7600084,-20.0516718123602,14.1138142268208
Type + PROATCE,Mathematics,7600085,-2.44867603983905,11.7026288771153
Type + PROATCE,Mathematics,7600086,-5.5963362743764,13.7591891759141
Type + PROATCE,Mathematics,7600087,6.80392511723166,12.7230148402484
Type + PROATCE,Mathematics,7600088,-13.1801853101391,11.4370388666036
Type + PROATCE,Mathematics,7600089,7.34437128509457,12.2003141436953
Type + PROATCE,Mathematics,7600092,-14.0221681376568,11.708778899674
Type + PROATCE,Mathematics,7600093,-4.41307481563989,13.9610741675374
Type + PROATCE,Mathematics,7600094,2.39444216083978,9.21600599400643
Type + PROATCE,Mathematics,7600095,26.6961797186242,17.5288544724555
Type + PROATCE,Mathematics,7600097,-12.5172612252065,14.5122038749651
Type + PROATCE,Mathematics,7600098,-2.72337128676948,11.2424595687951
Type + PROATCE,Mathematics,7600099,27.9423556803478,13.8372769465816
Type + PROATCE,Mathematics,7600100,-31.179976085101,12.5724862562055
Type + PROATCE,Mathematics,7600101,-10.1174770050684,12.7949527137866
Type + PROATCE,Mathematics,7600102,39.4695244193007,21.6643063582665
Type + PROATCE,Mathematics,7600103,-17.3382272673168,11.5873178888805
Type + PROATCE,Mathematics,7600105,-17.7098949902096,15.0055189302417
Type + PROATCE,Mathematics,7600106,-8.64693669807095,12.7153237991254
Type + PROATCE,Mathematics,7600107,2.77776265493818,13.0998759032996
Type + PROATCE,Mathematics,7600108,27.6349108791487,11.9615858396371
Type + PROATCE,Mathematics,7600109,-20.7223101693211,12.3979326880403
Type + PROATCE,Mathematics,7600110,7.64197042269769,13.2474819495411
Type + PROATCE,Mathematics,7600111,-7.80517786560347,17.1631026073259
Type + PROATCE,Mathematics,7600113,30.052593674034,12.2641936728605
Type + PROATCE,Mathematics,7600114,22.8343126512079,15.9697626654878
Type + PROATCE,Mathematics,7600115,5.13801139744184,18.6109594286042
Type + PROATCE,Mathematics,7600116,-18.5026456700595,13.3156199063508
Type + PROATCE,Mathematics,7600117,3.59027781646199,11.7385386545201
Type + PROATCE,Mathematics,7600119,-23.4243653498372,11.6478374856886
Type + PROATCE,Mathematics,7600121,-21.8304759500267,11.470452089241
Type + PROATCE,Mathematics,7600122,-3.87460586247324,19.6873066376465
Type + PROATCE,Mathematics,7600123,13.8780957820383,12.9658003200827
Type + PROATCE,Mathematics,7600124,-20.4848204458515,11.2733442305638
Type + PROATCE,Mathematics,7600125,1.60599328000006,20.9153895456745
Type + PROATCE,Mathematics,7600127,-61.720603769824,14.0541974590607
Type + PROATCE,Mathematics,7600128,6.61341666804785,15.9109893201886
Type + PROATCE,Mathematics,7600129,-26.8039692877418,15.7871043423799
Type + PROATCE,Mathematics,7600130,10.9906436220237,11.0129437801714
Type + PROATCE,Mathematics,7600131,8.46882112050047,9.76183735361912
Type + PROATCE,Mathematics,7600132,7.8330683117016,15.6232528822274
Type + PROATCE,Mathematics,7600133,-25.660835158335,13.2125152235161
Type + PROATCE,Mathematics,7600136,0.263436110656157,12.6815198521253
Type + PROATCE,Mathematics,7600137,18.7052107019676,17.7081741482266
Type + PROATCE,Mathematics,7600138,-18.6638709561155,12.3867793211255
Type + PROATCE,Mathematics,7600139,19.03050857608,14.0420737733265
Type + PROATCE,Mathematics,7600140,3.77910049083966,10.7363142008334
Type + PROATCE,Mathematics,7600143,-3.12548254738874,14.8171237069058
Type + PROATCE,Mathematics,7600144,4.6674047389325,11.2037976958794
Type + PROATCE,Mathematics,7600145,2.95995183029045,16.5694841006102
Type + PROATCE,Mathematics,7600147,-3.77244866782296,11.7067150263102
Type + PROATCE,Mathematics,7600148,-3.68157336902651,21.365636900028
Type + PROATCE,Mathematics,7600149,47.3656165926097,12.861014135087
Type + PROATCE,Mathematics,7600150,-1.53940718631251,13.1162782297257
Type + PROATCE,Mathematics,7600151,-3.50274854667264,15.3411863550176
Type + PROATCE,Mathematics,7600152,-48.0506482549385,22.2195724863277
Type + PROATCE,Mathematics,7600153,-33.7379436083045,14.2783632133078
Type + PROATCE,Mathematics,7600155,4.05665651500257,18.1880759807795
Type + PROATCE,Mathematics,7600156,-51.6275639920602,10.4660621259279
Type + PROATCE,Mathematics,7600158,35.3633719903619,12.5195635077306
Type + PROATCE,Mathematics,7600159,16.2613191666271,10.7302944436015
Type + PROATCE,Mathematics,7600161,9.66043207829905,13.3379080623153
Type + PROATCE,Mathematics,7600163,-9.91338533695281,11.1707942138815
Type + PROATCE,Mathematics,7600164,-3.2870455676474,12.1013507988944
Type + PROATCE,Mathematics,7600165,14.4448494004735,11.2955329653698
Type + PROATCE,Mathematics,7600166,-8.71005889492674,15.0548444782603
Type + PROATCE,Mathematics,7600170,-2.58353141179988,14.1943689472227
Type + PROATCE,Mathematics,7600172,-4.88277378132498,12.8859888992675
Type + PROATCE,Mathematics,7600175,5.84666988983867,18.8172958794308
Type + PROATCE,Mathematics,7600176,6.49435904770708,12.0321667001389
Type + PROATCE,Mathematics,7600178,-5.98367331674143,11.6645308199021
Type + PROATCE,Mathematics,7600179,0.978072934141655,11.521025826688
Type + PROATCE,Mathematics,7600182,-25.5294148947371,15.001916790787
Type + PROATCE,Mathematics,7600183,48.6096146920691,13.8917546092531
Type + PROATCE,Mathematics,7600184,2.85395662321285,15.6153531059045
Type + PROATCE,Mathematics,7600185,-43.4953769058943,12.3289301447891
Type + PROATCE,Mathematics,7600186,44.8921955176754,14.0779606349139
Type + PROATCE,Mathematics,7600187,23.9561822913936,12.6778798957638
Type + PROATCE,Mathematics,7600188,-34.3229180222688,12.3358425835536
Type + PROATCE,Mathematics,7600191,-6.79442172867574,18.1209618759679
Type + PROATCE,Mathematics,7600192,6.51539851469298,22.0208199187363
Type + PROATCE,Mathematics,7600193,-8.41534826564488,15.467417501937
Type + PROATCE,Mathematics,7600194,-8.24719097972141,12.4477984966689
Type + PROATCE,Mathematics,7600195,24.6998391884719,7.79991358388772
Type + PROATCE,Mathematics,7600196,37.5144936263649,12.2208451910568
Type + PROATCE,Mathematics,7600197,-32.9500032631105,12.8982464683494
Type + PROATCE,Mathematics,7600198,0.839030758792744,11.1687590216338
Type + PROATCE,Mathematics,7600200,-38.2062948473209,11.9577920883375
Type + PROATCE,Mathematics,7600201,-0.35965966912585,15.7406423710754
Type + PROATCE,Mathematics,7600202,-15.3707644453365,14.3752065501795
Type + PROATCE,Mathematics,7600203,18.0014690026602,24.6508390399459
Type + PROATCE,Mathematics,7600204,-7.49189385479183,10.7585690263839
Type + PROATCE,Mathematics,7600205,-20.6831689749149,13.9995616887049
Type + PROATCE,Mathematics,7600206,-45.7507079297298,13.5532395228475
Type + PROATCE,Mathematics,7600207,4.88772660740536,16.6688967204693
Type + PROATCE,Mathematics,7600208,-25.0521158513283,13.5028020546129
Type + PROATCE,Mathematics,7600209,11.5969296137647,17.6820389483208
Type + PROATCE,Mathematics,7600212,-4.73982314197592,23.7251119358141
Type + PROATCE,Mathematics,7600213,-37.3281992932939,7.94671834119492
Type + PROATCE,Mathematics,7600214,-1.35291846101204,10.6704473296167
Type + PROATCE,Mathematics,7600215,23.272937121554,13.3906274440435
Type + PROATCE,Mathematics,7600217,-9.66681223425875,10.0587004304452
Type + PROATCE,Mathematics,7600218,-12.936184419176,14.8005612511316
Type + PROATCE,Mathematics,7600219,17.4286935415204,9.9704201117382
Type + PROATCE,Mathematics,7600220,-24.2183569000576,19.0919464737045
Type + PROATCE,Mathematics,7600222,33.6712541110516,10.5345604249402
Type + PROATCE,Mathematics,7600223,-38.6072379945649,10.5538173004942
Type + PROATCE,Mathematics,7600224,-6.83058291391367,17.433637703593
Type + PROATCE,Mathematics,7600225,-3.11384308362061,13.5574906930608
Type + PROATCE,Mathematics,7600227,-5.22979778562529,10.1489445293498
Type + PROATCE,Mathematics,7600228,-7.95024576740704,20.8441740843974
Type + PROATCE,Mathematics,7600229,19.2831287907995,15.1045201796261
Type + PROATCE,Mathematics,7600230,-14.4170453853438,10.3485653919514
Type + PROATCE,Mathematics,7600231,6.39423074158358,10.7996111670987
Type + PROATCE,Mathematics,7600232,-21.7320411905234,15.2443862760975
Type + PROATCE,Mathematics,7600233,27.6955074843266,8.97147411035945
Type + PROATCE,Mathematics,7600234,18.1092969072722,13.6453620157809
Type + PROATCE,Mathematics,7600235,4.94036797805024,22.5062614666601
Type + PROATCE,Mathematics,7600236,-35.0077999046603,14.3717236492237
Type + PROATCE,Mathematics,7600237,-19.7203009870992,12.2034029520486
Type + PROATCE,Mathematics,7600238,-28.4032736754258,18.9426427925353
Type + PROATCE,Mathematics,7600239,6.56502510582499,11.229212456814
Type + PROATCE,Mathematics,7600241,-9.87448311140287,19.8740616133396
Type + PROATCE,Mathematics,7600242,-16.7414511266379,11.5902053965711
Type + PROATCE,Mathematics,7600243,-7.53994169569387,14.20545247813
Type + PROATCE,Mathematics,7600244,-5.2048485020627,16.4131922800394
Type + PROATCE,Mathematics,7600245,11.3138500645797,16.889778457004
Type + PROATCE,Mathematics,7600246,-7.46332514089541,15.8375123321358
Type + PROATCE,Mathematics,7600247,79.7008579378843,12.208190461093
Type + PROATCE,Mathematics,7600249,14.1878297103419,25.1707899870814
Type + PROATCE,Mathematics,7600250,-16.4961811093387,12.4460734988817
Type + PROATCE,Mathematics,7600251,12.0069102157939,16.2050182780597
Type + PROATCE,Mathematics,7600252,-22.8913828249992,22.9554695662546
Type + PROATCE,Mathematics,7600253,24.6525148234924,8.13922813103992
Type + PROATCE,Mathematics,7600254,31.413660742841,12.2488281930997
Type + PROATCE,Mathematics,7600255,21.4603007750118,11.4130467553433
Type + PROATCE,Mathematics,7600256,19.0623745832696,25.7433250214813
Type + PROATCE,Mathematics,7600259,-2.97035777385143,19.7632843217675
Type + PROATCE,Mathematics,7600260,-13.1174456691953,12.9327988124885
Type + PROATCE,Mathematics,7600261,-29.1337501322464,14.9152420002469
Type + PROATCE,Mathematics,7600262,-8.91301920656763,17.1395720082082
Type + PROATCE,Mathematics,7600263,-13.9817115396171,8.26769549385226
Type + PROATCE,Mathematics,7600264,-0.57860453053857,18.7647230535101
Type + PROATCE,Mathematics,7600268,-2.4563945826638,13.4318142307824
Type + PROATCE,Mathematics,7600269,6.41639965262841,9.83403968469047
Type + PROATCE,Mathematics,7600270,4.78031027948066,12.7706070311057
Type + PROATCE,Mathematics,7600271,-3.76166847317361,17.0076924252102
Type + PROATCE,Mathematics,7600273,-26.161093832832,13.4271561098175
Type + PROATCE,Mathematics,7600274,-22.5025665627583,11.2740151645432
Type + PROATCE,Mathematics,7600275,18.1432729978171,21.699732612041
Type + PROATCE,Mathematics,7600276,26.4698784121949,7.64130104837493
Type + PROATCE,Mathematics,7600277,12.2132411588008,13.4234746059042
Type + PROATCE,Mathematics,7600278,6.35027394683952,17.856131600507
Type + PROATCE,Mathematics,7600279,5.04063483106559,16.1989631505793
Type + PROATCE,Mathematics,7600280,-3.21935548285145,11.5452040647571
Type + PROATCE,Mathematics,7600281,-22.3136204366949,10.7596898317322
Type + PROATCE,Mathematics,7600282,-1.2233978696539,9.69497098095051
Type + PROATCE,Mathematics,7600283,0.0831903132519318,11.7030039108441
Type + PROATCE,Mathematics,7600284,-13.3292577783479,12.5625610317104
Type + PROATCE,Mathematics,7600285,20.1941012283833,16.2967461457746
Type + PROATCE,Mathematics,7600286,2.35003592183577,12.513907754798
Type + PROATCE,Mathematics,7600287,21.8672449851607,15.7050000270943
Type + PROATCE,Mathematics,7600288,10.8419250478308,17.6498076175804
Type + PROATCE,Mathematics,7600289,-20.4964033272633,20.7533825045574
Type + PROATCE,Mathematics,7600290,-5.09457700872066,13.5395920534671
Type + PROATCE,Mathematics,7600291,14.6740146409185,11.4389248227805
Type + PROATCE,Mathematics,7600293,-18.9619665153009,15.6781223999149
Type + PROATCE,Mathematics,7600294,51.9154421711421,13.8472018304166
Type + PROATCE,Mathematics,7600295,-5.31355536081138,13.1603822913601
Type + PROATCE,Mathematics,7600296,14.738127841636,14.91861226789
Type + PROATCE,Mathematics,7600297,7.22211666678936,13.4807317925568
Type + PROATCE,Mathematics,7600298,-11.3231538831886,13.7555672756818
Type + PROATCE,Mathematics,7600299,5.192770231481,15.9354460074434
Type + PROATCE,Mathematics,7600300,-34.3686164461521,13.2939184692296
Type + PROATCE,Mathematics,7600302,-20.3829717391043,15.8636233121984
Type + PROATCE,Mathematics,7600304,44.5437548502901,15.2057875993
Type + PROATCE,Mathematics,7600305,-3.04033863700599,17.4295134011167
Type + PROATCE,Mathematics,7600307,30.7626784346299,11.9229718557315
Type + PROATCE,Mathematics,7600308,-5.70789164904641,12.114708243914
Type + PROATCE,Mathematics,7600309,-3.57164401269891,15.2558262590612
Type + PROATCE,Mathematics,7600310,-24.9927065354997,15.1067417025241
Type + PROATCE,Mathematics,7600312,-39.7334881902956,12.4777385999689
Type + PROATCE,Mathematics,7600313,4.70431238668806,20.2599579030601
Type + PROATCE,Mathematics,7600316,-17.5417668703734,21.8028799699854
Type + PROATCE,Mathematics,7600317,-30.2220943670763,14.1679792585813
Type + PROATCE,Mathematics,7600318,51.1239262340078,15.4790103843107
Type + PROATCE,Mathematics,7600319,2.43700492075688,15.1356455627611
Type + PROATCE,Mathematics,7600320,27.2588805335509,11.6902708972749
Type + PROATCE,Mathematics,7600322,8.46579811067459,15.9134091226141
Type + PROATCE,Mathematics,7600323,11.9398254920456,11.6869209336135
Type + PROATCE,Mathematics,7600324,-7.44461092369539,12.4457417452184
Type + PROATCE,Mathematics,7600325,21.1093704010998,11.2768541936066
Type + PROATCE,Mathematics,7600326,4.7757914237641,11.6086072932478
Type + PROATCE,Mathematics,7600327,2.88229072585276,15.668535106803
Type + PROATCE,Mathematics,7600328,-24.4264918805286,19.7974331651368
Type + PROATCE,Mathematics,7600329,72.6414892978056,13.2844637066788
Type + PROATCE,Mathematics,7600330,-4.67784000435547,14.4188723081213
Type + PROATCE,Mathematics,7600332,0.507152765437656,24.2162177301151
Type + PROATCE,Mathematics,7600333,28.2788173695046,15.6355805522934
Type + PROATCE,Mathematics,7600334,-12.9284116206539,16.4422549380925
Type + PROATCE,Mathematics,7600335,-4.04280462333249,11.9393803926254
Type + PROATCE,Mathematics,7600336,-39.142601902108,16.5226760897058
Type + PROATCE,Mathematics,7600337,-8.25204894889336,11.4240746852772
Type + PROATCE,Mathematics,7600338,-21.8818351926527,13.9074808721989
Type + PROATCE,Mathematics,7600339,-12.2855626502762,14.6690004671367
Type + PROATCE,Mathematics,7600341,-21.1677171863938,11.4270396186535
Type + PROATCE,Mathematics,7600342,-51.0228627071343,17.3980513281019
Type + PROATCE,Mathematics,7600343,62.827577082077,11.8626057449895
Type + PROATCE,Mathematics,7600344,9.05330557950751,24.2869488527634
Type + PROATCE,Mathematics,7600345,11.6030653211749,17.0318509754067
Type + PROATCE,Mathematics,7600347,39.8385635079544,16.2910847858138
Type + PROATCE,Mathematics,7600348,-17.3226238208906,12.3998064570965
Type + PROATCE,Mathematics,7600349,3.86261876701129,15.5223932108628
Type + PROATCE,Mathematics,7600351,-28.9273066929912,23.6193966277954
Type + PROATCE,Mathematics,7600352,1.31086525735391,13.6208004001241
Type + PROATCE,Mathematics,7600353,-21.6975889086103,11.3291607710294
Type + PROATCE,Mathematics,7600354,-22.4385614746066,12.8236907208949
Type + PROATCE,Mathematics,7600357,-3.8425580999464,16.5382603591879
Type + PROATCE,Mathematics,7600358,-1.60364988895343,20.4180909073197
Type + PROATCE,Mathematics,7600359,0.747066421467568,14.6789125101609
Type + PROATCE,Mathematics,7600360,14.8919246743642,11.4001405275531
Type + PROATCE,Mathematics,7600361,30.3203174577971,13.5899080453762
Type + PROATCE,Mathematics,7600362,-6.68642016763346,15.531659574628
Type + PROATCE,Mathematics,7600363,-2.89443422821139,12.027828682524
Type + PROATCE,Mathematics,7600364,16.2900144463466,17.8777065819381
Type + PROATCE,Mathematics,7600365,16.5851037310017,12.5534785661921
Type + PROATCE,Mathematics,7600366,-25.0694701329197,13.1712424116853
Type + PROATCE,Mathematics,7600367,3.72845039271657,11.7529772469478
Type + PROATCE,Mathematics,7600368,-25.2193443215551,19.6792842690664
Type + PROATCE,Mathematics,7600369,-19.9449307414257,12.9634149485011
Type + PROATCE,Mathematics,7600370,-14.6024487757177,20.2701332917474
Type + PROATCE,Mathematics,7600372,6.5210420521638,19.0799075762727
Type + PROATCE,Mathematics,7600373,-12.6251255643793,11.5056884704678
Type + PROATCE,Mathematics,7600374,19.0508434467396,11.9304117647752
Type + PROATCE,Mathematics,7600375,-10.5261473282464,18.6386080235419
Type + PROATCE,Mathematics,7600376,1.83985195625076,12.9518697238661
Type + PROATCE,Mathematics,7600377,80.2820647238583,17.7300637543608
Type + PROATCE,Mathematics,7600378,-1.65376445909052,14.1928903667248
Type + PROATCE,Mathematics,7600379,-29.31862426558,13.0300424357577
Type + PROATCE,Mathematics,7600380,0.688820270755699,13.7499996252741
Type + PROATCE,Mathematics,7600382,-14.137279049808,13.5420768054403
Type + PROATCE,Mathematics,7600383,-18.1438278087841,14.2996325229312
Type + PROATCE,Mathematics,7600384,-15.8374378196992,11.7358012882214
Type + PROATCE,Mathematics,7600385,21.4381081178988,14.5383329970067
Type + PROATCE,Mathematics,7600386,3.89541945301851,10.8590932123917
Type + PROATCE,Mathematics,7600388,92.6197284717088,10.8735706282878
Type + PROATCE,Mathematics,7600389,3.64378991201812,13.8838921851006
Type + PROATCE,Mathematics,7600391,0.0592866880426275,12.9607004003498
Type + PROATCE,Mathematics,7600394,-8.68733629658485,22.0772912019538
Type + PROATCE,Mathematics,7600395,8.62931185844139,12.1041955292465
Type + PROATCE,Mathematics,7600396,32.4671029404886,13.9261422357616
Type + PROATCE,Mathematics,7600397,-14.1065546122523,11.5747715800052
Type + PROATCE,Mathematics,7600398,0.845838228388821,13.224979874048
Type + PROATCE,Mathematics,7600399,39.9658711822617,12.0666352662069
Type + PROATCE,Mathematics,7600400,-13.2902381511157,12.1535421386585
Type + PROATCE,Mathematics,7600402,-5.70496939174487,14.6446623772308
Type + PROATCE,Mathematics,7600403,-29.4398261265546,11.9889685739139
Type + PROATCE,Mathematics,7600404,-25.6530950783762,11.779397940955
Type + PROATCE,Mathematics,7600405,-4.19911167832442,13.5578755100531
Type + PROATCE,Mathematics,7600406,-11.0711282701557,12.0473286584321
Type + PROATCE,Mathematics,7600407,37.9185668697269,17.1882144920644
Type + PROATCE,Mathematics,7600408,-18.4512196160498,9.0899184793992
Type + PROATCE,Mathematics,7600410,16.2148363194723,17.8706140204658
Type + PROATCE,Mathematics,7600411,5.04722522287138,16.016123738896
Type + PROATCE,Mathematics,7600412,2.65751687398782,20.1616881555364
Type + PROATCE,Mathematics,7600413,-3.30667761118436,9.63739399797631
Type + PROATCE,Mathematics,7600415,-12.148787342334,18.1359543855018
Type + PROATCE,Mathematics,7600417,-18.0208435158627,12.6080387440991
Type + PROATCE,Mathematics,7600418,7.17185838012798,19.9112272210764
Type + PROATCE,Mathematics,7600419,1.29573858392338,15.4379194372803
Type + PROATCE,Mathematics,7600420,-2.39206803746392,13.7613720795022
Type + PROATCE,Mathematics,7600422,-1.60931423463529,12.7259747700447
Type + PROATCE,Mathematics,7600425,-9.99672338616807,15.7271942541674
Type + PROATCE,Mathematics,7600426,-0.104271515852731,14.9478932206735
Type + PROATCE,Mathematics,7600427,10.106914977922,11.5826465722386
Type + PROATCE,Mathematics,7600428,40.2226978212675,13.3931063555332
Type + PROATCE,Mathematics,7600429,-11.479094201635,15.1081546861526
Type + PROATCE,Mathematics,7600430,21.3894358001081,12.4464576268895
Type + PROATCE,Mathematics,7600431,17.4376862476311,18.2344323559619
Type + PROATCE,Mathematics,7600432,-17.1954743719265,14.1155756936681
Type + PROATCE,Mathematics,7600433,30.6171060604314,18.1981982776132
Type + PROATCE,Mathematics,7600434,3.21107635848938,11.7618344764972
Type + PROATCE,Mathematics,7600436,-41.0276841038596,11.9030587926828
Type + PROATCE,Mathematics,7600438,13.1847477754692,24.243020953478
Type + PROATCE,Mathematics,7600439,-31.6821588381361,11.1829339235688
Type + PROATCE,Mathematics,7600440,12.2341159734876,18.3436173920598
Type + PROATCE,Mathematics,7600442,-21.1737455701148,20.7842933126042
Type + PROATCE,Mathematics,7600443,33.7209135758422,8.68846534743874
Type + PROATCE,Mathematics,7600444,-10.9731939179853,12.0628703351138
Type + PROATCE,Mathematics,7600445,-18.7360100485816,13.3356206245188
Type + PROATCE,Mathematics,7600446,-12.8773142828425,13.9100517064464
Type + PROATCE,Mathematics,7600447,-19.190364837995,14.803787166853
Type + PROATCE,Mathematics,7600448,4.52119778053027,11.438297123238
Type + PROATCE,Mathematics,7600449,26.541444037782,15.5073813580079
Type + PROATCE,Mathematics,7600450,-6.98870318279705,13.4547067607177
Type + PROATCE,Mathematics,7600451,-9.72879468588448,12.7344617006994
Type + PROATCE,Mathematics,7600454,-15.1130628409534,13.1827769533336
Type + PROATCE,Mathematics,7600456,-42.4961267991823,11.7871823366616
Type + PROATCE,Mathematics,7600457,2.1590033872092,19.1773605193591
Type + PROATCE,Mathematics,7600458,-15.7264802506467,16.611621864923
Type + PROATCE,Mathematics,7600459,-23.2420036404018,16.0687240232981
Type + PROATCE,Mathematics,7600460,36.7415185424173,14.6816062065389
Type + PROATCE,Mathematics,7600461,-3.81861706795239,12.0383291661182
Type + PROATCE,Mathematics,7600462,2.71119411601125,16.9986333227883
Type + PROATCE,Mathematics,7600463,8.58361022263247,12.7471419097999
Type + PROATCE,Mathematics,7600468,-24.799307579649,11.0891139706873
Type + PROATCE,Mathematics,7600470,3.20748373263916,18.1303647458042
Type + PROATCE,Mathematics,7600471,-2.8014433752619,11.7486028490926
Type + PROATCE,Mathematics,7600474,-30.1329656083687,16.2214721765041
Type + PROATCE,Mathematics,7600475,-6.84587845416781,14.6040352506966
Type + PROATCE,Mathematics,7600476,-4.69220880538241,24.4773667887952
Type + PROATCE,Mathematics,7600477,23.5125091373995,15.0134259158853
Type + PROATCE,Mathematics,7600478,33.8552985067648,20.0300977743617
Type + PROATCE,Mathematics,7600480,51.1941107459364,13.9599154310401
Type + PROATCE,Mathematics,7600481,-8.9802998625644,16.7315538370254
Type + PROATCE,Mathematics,7600483,-9.62122369043572,11.1125909720208
Type + PROATCE,Mathematics,7600485,-15.1074910380742,13.2605451114986
Type + PROATCE,Mathematics,7600488,88.6873054495869,13.0529427122458
Type + PROATCE,Mathematics,7600489,19.0795027735253,17.2088757261462
Type + PROATCE,Mathematics,7600490,-37.7631179428292,17.2254810186414
Type + PROATCE,Mathematics,7600492,2.92947598173052,17.9009281528522
Type + PROATCE,Mathematics,7600493,-21.0940397556548,10.3689773518376
Type + PROATCE,Mathematics,7600497,117.100592435302,13.6336638063854
Type + PROATCE,Mathematics,7600498,11.4352349662959,13.2085899002558
Type + PROATCE,Mathematics,7600499,15.3182961516576,12.3081188369094
Type + PROATCE,Mathematics,7600500,47.4758312749691,14.4855272177207
Type + PROATCE,Mathematics,7600501,7.63297034975156,12.5015233315853
Type + PROATCE,Mathematics,7600502,-10.9594912212291,13.3186153773037
Type + PROATCE,Mathematics,7600503,-0.267511259202151,20.9256567304305
Type + PROATCE,Mathematics,7600504,-25.5890776729221,16.0998304037822
Type + PROATCE,Mathematics,7600505,23.6794929850287,11.0459101116049
Type + PROATCE,Mathematics,7600506,52.1745669865146,12.016129998114
Type + PROATCE,Mathematics,7600507,-21.572218668272,16.7502231382808
Type + PROATCE,Mathematics,7600508,-19.5718745919217,11.1525934779008
Type + PROATCE,Mathematics,7600509,57.2426604977373,15.096494443203
Type + PROATCE,Mathematics,7600512,7.80281065266306,17.9619691525298
Type + PROATCE,Mathematics,7600514,-39.7350676132218,12.0390526072262
Type + PROATCE,Mathematics,7600515,-46.6533805872958,13.8313377001678
Type + PROATCE,Mathematics,7600516,-11.9418801059734,13.8353217904199
Type + PROATCE,Mathematics,7600517,-12.4008392237243,11.0329282571524
Type + PROATCE,Mathematics,7600520,-24.5763403060837,12.2024369343795
Type + PROATCE,Mathematics,7600521,-37.811871017712,15.8314211419604
Type + PROATCE,Mathematics,7600522,-10.9242749371314,23.8000078157271
Type + PROATCE,Mathematics,7600523,6.39423190649395,15.934407973712
Type + PROATCE,Mathematics,7600524,-4.18467737037562,16.3792845240299
Type + PROATCE,Mathematics,7600526,92.2347913581925,12.5076581801776
Type + PROATCE,Mathematics,7600527,15.9888482824972,13.4082326618693
Type + PROATCE,Mathematics,7600529,4.82630645557312,14.0107799168308
Type + PROATCE,Mathematics,7600530,-20.3094855849122,12.7940673016633
Type + PROATCE,Mathematics,7600531,44.765189427495,9.7306693509435
Type + PROATCE,Mathematics,7600532,-9.65339623567903,18.0669295104034
Type + PROATCE,Mathematics,7600533,20.2643625866055,11.028807018198
Type + PROATCE,Mathematics,7600535,-20.1593589863624,23.2724114918741
Type + PROATCE,Mathematics,7600537,-11.9646553191147,14.6781189557871
Type + PROATCE,Mathematics,7600539,-28.0079224342046,18.9631786161151
Type + PROATCE,Mathematics,7600540,-32.8347863503513,11.1413156446999
Type + PROATCE,Mathematics,7600541,65.8933041805667,11.4216674963058
Type + PROATCE,Mathematics,7600542,20.3277845155491,11.0483085029721
Type + PROATCE,Mathematics,7600543,54.2891296733366,13.4508217030538
Type + PROATCE,Mathematics,7600544,14.4955475700305,22.1528685201119
Type + PROATCE,Mathematics,7600546,-18.114162716895,11.1891493283063
Type + PROATCE,Mathematics,7600547,28.8696629085173,10.2432474258691
Type + PROATCE,Mathematics,7600548,-28.4675113765479,16.1322359032993
Type + PROATCE,Mathematics,7600549,5.97718581333355,17.8355419226433
Type + PROATCE,Mathematics,7600550,-12.0936411184105,13.2844496783086
Type + PROATCE,Mathematics,7600551,60.8041453279215,8.21085346856452
Type + PROATCE,Mathematics,7600552,-13.8611460994757,23.3396336430721
Type + PROATCE,Mathematics,7600553,-0.554226500215936,14.4128491675363
Type + PROATCE,Mathematics,7600554,-43.2829544875624,20.6586272333453
Type + PROATCE,Mathematics,7600555,3.99962326828782,11.3246006939286
Type + PROATCE,Mathematics,7600556,-21.1530884714603,13.7384122323191
Type + PROATCE,Mathematics,7600557,-31.9565068489237,13.8958436390615
Type + PROATCE,Mathematics,7600558,-0.358408017232135,16.6652748741096
Type + PROATCE,Mathematics,7600560,-38.3315282060651,8.41579643766524
Type + PROATCE,Mathematics,7600561,12.0160245408718,24.3124616977123
Type + PROATCE,Mathematics,7600563,43.5152163916972,13.0324990830295
Type + PROATCE,Mathematics,7600565,-25.800402869708,18.175289930819
Type + PROATCE,Mathematics,7600566,-34.7894136621068,16.2864967176739
Type + PROATCE,Mathematics,7600567,-45.494052512786,15.6408866944215
Type + PROATCE,Mathematics,7600568,5.02816558976547,10.4638260711872
Type + PROATCE,Mathematics,7600570,-46.6567549060011,13.7473259173695
Type + PROATCE,Mathematics,7600571,-6.38374689928471,15.6389719710703
Type + PROATCE,Mathematics,7600573,-24.7961523516514,14.3442547393731
Type + PROATCE,Mathematics,7600574,-25.5605503255371,12.0132129559991
Type + PROATCE,Mathematics,7600575,9.21548235327729,10.3214519003987
Type + PROATCE,Mathematics,7600577,-38.6634668139636,16.2775055646709
Type + PROATCE,Mathematics,7600578,-3.29151180948925,13.4044773259942
Type + PROATCE,Mathematics,7600579,-25.3760932666737,12.9884862861159
Type + PROATCE,Mathematics,7600580,8.52429731711238,24.6971580294628
Type + PROATCE,Mathematics,7600581,-16.5716688252739,12.9843824430762
Type + PROATCE,Mathematics,7600582,-59.5557521832229,12.4779907848734
Type + PROATCE,Mathematics,7600583,48.6227627602779,9.52290624602125
Type + PROATCE,Mathematics,7600584,41.7289864269863,11.9463388428029
Type + PROATCE,Mathematics,7600586,-1.94323578933934,12.6274935764268
Type + PROATCE,Mathematics,7600587,13.6463166764232,14.1523630877875
Type + PROATCE,Mathematics,7600589,-26.1554897216085,10.5070490702541
Type + PROATCE,Mathematics,7600590,15.3514362285264,10.1857071106663
Type + PROATCE,Mathematics,7600591,5.50919436956143,22.8287689582413
Type + PROATCE,Mathematics,7600593,-12.4320660732907,16.8591128811543
Type + PROATCE,Mathematics,7600594,17.3798590613612,11.1807200031256
Type + PROATCE,Mathematics,7600595,-19.4884841665032,10.9985050509109
Type + PROATCE,Mathematics,7600596,-2.50051826608663,13.9527157287489
Type + PROATCE,Mathematics,7600597,27.2336422603055,20.077873038254
Type + PROATCE,Mathematics,7600598,70.0630359252579,10.6037992873947
Type + PROATCE,Mathematics,7600600,-7.61023946151972,18.4138659277873
Type + PROATCE,Mathematics,7600601,28.4912768352045,10.7244482065324
Type + PROATCE,Mathematics,7600602,-13.6972633423423,14.9933762982585
Type + PROATCE,Mathematics,7600603,28.9483939425518,16.3864711872498
Type + PROATCE,Mathematics,7600604,11.2155262809353,21.1770813160037
Type + PROATCE,Mathematics,7600605,25.2868269425234,10.0232543098577
Type + PROATCE,Mathematics,7600608,-0.264231968497921,12.4044848814466
Type + PROATCE,Mathematics,7600609,1.15090476426357,19.9624451153623
Type + PROATCE,Mathematics,7600610,-45.1767444591846,16.1301801353926
Type + PROATCE,Mathematics,7600611,7.187174333697,13.9108149501685
Type + PROATCE,Mathematics,7600612,-16.0564951657723,14.4822911534089
Type + PROATCE,Mathematics,7600613,20.9923777292932,18.6722343097978
Type + PROATCE,Mathematics,7600615,8.75428100903594,14.0231547146866
Type + PROATCE,Mathematics,7600616,16.3601275461737,10.4074652794178
Type + PROATCE,Mathematics,7600617,15.65512026373,11.3456340761765
Type + PROATCE,Mathematics,7600618,8.53747401549239,20.4114870643006
Type + PROATCE,Mathematics,7600619,-38.9403721432799,17.2891966841957
Type + PROATCE,Mathematics,7600620,2.98929248461693,12.1667772736638
Type + PROATCE,Mathematics,7600621,10.7654056767491,11.4682452126036
Type + PROATCE,Mathematics,7600622,-19.887962576693,15.4650178367021
Type + PROATCE,Mathematics,7600624,11.9669367263607,11.8602083806178
Type + PROATCE,Mathematics,7600625,-15.2428499509346,13.2642843116717
Type + PROATCE,Sciences,7600001,-9.14980038735619,11.020405140012
Type + PROATCE,Sciences,7600002,14.9946857325484,11.6613791233212
Type + PROATCE,Sciences,7600005,33.0438335835944,13.7153358003696
Type + PROATCE,Sciences,7600006,20.2516241150843,12.7919082939659
Type + PROATCE,Sciences,7600007,3.69225370519601,18.0201864490789
Type + PROATCE,Sciences,7600009,-10.9315410806402,13.0540441942634
Type + PROATCE,Sciences,7600010,-0.927943020555448,21.3022651049748
Type + PROATCE,Sciences,7600011,-47.001273753908,9.22830189927235
Type + PROATCE,Sciences,7600012,-20.7570984319401,20.714717394227
Type + PROATCE,Sciences,7600013,-16.2817567374316,18.4544527146578
Type + PROATCE,Sciences,7600014,-30.0648752333963,20.8176638930396
Type + PROATCE,Sciences,7600015,2.50712356769141,13.9425085194507
Type + PROATCE,Sciences,7600016,19.3281035537076,16.0808606084366
Type + PROATCE,Sciences,7600017,7.84124302670794,15.9954611457662
Type + PROATCE,Sciences,7600018,43.5824875191074,19.7077808091533
Type + PROATCE,Sciences,7600019,18.0099194218859,11.0909289601679
Type + PROATCE,Sciences,7600022,19.7866024493748,10.5075849348204
Type + PROATCE,Sciences,7600023,-0.138110183113432,18.3673885673274
Type + PROATCE,Sciences,7600024,12.1838690225948,24.2189576435325
Type + PROATCE,Sciences,7600025,46.6953883839973,13.0538645661661
Type + PROATCE,Sciences,7600026,-46.4323594333134,11.6332133720954
Type + PROATCE,Sciences,7600027,-26.0033210797354,12.2376014847425
Type + PROATCE,Sciences,7600028,-34.9867465949446,18.7311569706664
Type + PROATCE,Sciences,7600029,20.8169598843279,13.3075762024769
Type + PROATCE,Sciences,7600031,27.0461096267438,15.6011400636072
Type + PROATCE,Sciences,7600033,-25.9319582449156,13.4978077643759
Type + PROATCE,Sciences,7600034,16.9785418105319,14.8768349711852
Type + PROATCE,Sciences,7600035,34.898609541479,12.4602419327619
Type + PROATCE,Sciences,7600036,-9.48180759672311,10.0582623372985
Type + PROATCE,Sciences,7600037,8.35389304126541,21.1501482790128
Type + PROATCE,Sciences,7600038,2.04740307844606,16.383073841834
Type + PROATCE,Sciences,7600039,27.6793012705822,17.4277534230329
Type + PROATCE,Sciences,7600041,-34.7940734814471,12.2217177982479
Type + PROATCE,Sciences,7600042,-38.6091357375973,15.3596431257423
Type + PROATCE,Sciences,7600043,5.97071784662461,12.1784824707325
Type + PROATCE,Sciences,7600044,-27.9653674972466,13.3431841504736
Type + PROATCE,Sciences,7600045,25.0589731755285,16.5309613044448
Type + PROATCE,Sciences,7600046,-9.86707923969891,14.0073992548303
Type + PROATCE,Sciences,7600047,-38.5892740638957,13.8997772770339
Type + PROATCE,Sciences,7600048,17.417682225885,12.9231590845114
Type + PROATCE,Sciences,7600050,-28.0784153593831,18.3833399826812
Type + PROATCE,Sciences,7600051,22.1832802331626,13.8647038502734
Type + PROATCE,Sciences,7600052,-8.36602085339884,22.3952750808153
Type + PROATCE,Sciences,7600053,-0.688354335079489,17.2943063487278
Type + PROATCE,Sciences,7600054,-20.8205935999808,16.0977511701913
Type + PROATCE,Sciences,7600055,-4.26183939712791,14.7898597703968
Type + PROATCE,Sciences,7600057,13.4761819445854,16.144237639677
Type + PROATCE,Sciences,7600058,-12.5989463144483,12.0476748383881
Type + PROATCE,Sciences,7600060,13.7867221621495,10.5874548826766
Type + PROATCE,Sciences,7600061,10.9626485575953,13.3988431690486
Type + PROATCE,Sciences,7600062,12.9540455793021,21.1585131438187
Type + PROATCE,Sciences,7600063,61.7243444913263,12.0610419179797
Type + PROATCE,Sciences,7600064,-14.2189153612057,13.1115655495727
Type + PROATCE,Sciences,7600065,-47.6507483646661,13.8862314247137
Type + PROATCE,Sciences,7600066,6.77611317667111,12.0069042521836
Type + PROATCE,Sciences,7600067,0.184560325779529,16.0202350883308
Type + PROATCE,Sciences,7600068,3.26009382365079,12.9924144543508
Type + PROATCE,Sciences,7600069,-24.389074563872,17.8570638212281
Type + PROATCE,Sciences,7600070,-27.5814799177075,13.3244957731997
Type + PROATCE,Sciences,7600071,19.4176477925414,22.7040224415086
Type + PROATCE,Sciences,7600072,2.97764463264635,14.4733745808017
Type + PROATCE,Sciences,7600073,9.35893579617514,18.8672942612098
Type + PROATCE,Sciences,7600074,4.76565801779379,15.109399120989
Type + PROATCE,Sciences,7600075,18.7670556376526,11.0354001638926
Type + PROATCE,Sciences,7600076,-51.9516598334977,14.0759110289454
Type + PROATCE,Sciences,7600077,-7.79235293203695,18.8574448968355
Type + PROATCE,Sciences,7600078,34.9511330983257,11.940711431972
Type + PROATCE,Sciences,7600080,-32.4307270904006,20.7019511285818
Type + PROATCE,Sciences,7600081,-19.9478435569364,17.0310107550226
Type + PROATCE,Sciences,7600082,25.713619884498,19.8237078759961
Type + PROATCE,Sciences,7600083,12.7519064639788,10.7939641168348
Type + PROATCE,Sciences,7600084,-26.4323217952402,14.5364425482348
Type + PROATCE,Sciences,7600085,4.0276195770633,12.0428107607085
Type + PROATCE,Sciences,7600086,-7.07776762333859,14.1692882308808
Type + PROATCE,Sciences,7600087,21.1859337058832,13.0973220134664
Type + PROATCE,Sciences,7600088,5.24805797182801,11.7685101490913
Type + PROATCE,Sciences,7600089,8.05337105473764,12.5570069053481
Type + PROATCE,Sciences,7600092,-25.5949895181519,12.0491633033647
Type + PROATCE,Sciences,7600093,-11.4075198756871,14.3782880227898
Type + PROATCE,Sciences,7600094,29.8842120403582,9.47714340527795
Type + PROATCE,Sciences,7600095,40.5826375884546,18.0802726846531
Type + PROATCE,Sciences,7600097,-3.88935637860484,14.9490850924183
Type + PROATCE,Sciences,7600098,-5.67352024696596,11.567592387564
Type + PROATCE,Sciences,7600099,15.7629236470852,14.2501223510269
Type + PROATCE,Sciences,7600100,-30.5702940502733,12.9416913815703
Type + PROATCE,Sciences,7600101,2.98215893778944,13.1717066952139
Type + PROATCE,Sciences,7600102,38.737366818405,22.3946763747725
Type + PROATCE,Sciences,7600103,1.82267136929217,11.9237094581379
Type + PROATCE,Sciences,7600105,-19.9253284242607,15.4603166115706
Type + PROATCE,Sciences,7600106,-19.1579479146707,13.0893697061717
Type + PROATCE,Sciences,7600107,2.99586663771513,13.4870632535524
Type + PROATCE,Sciences,7600108,30.3002112694913,12.3103276351968
Type + PROATCE,Sciences,7600109,-7.94853083194126,12.7612513973847
Type + PROATCE,Sciences,7600110,6.7146681457005,13.6397564059516
Type + PROATCE,Sciences,7600111,-5.34764717060785,17.6999720991545
Type + PROATCE,Sciences,7600113,21.0066891396791,12.6230238390772
Type + PROATCE,Sciences,7600114,15.6156258007399,16.4604698821399
Type + PROATCE,Sciences,7600115,-9.12693383404852,19.2065753635729
Type + PROATCE,Sciences,7600116,-9.72630391611345,13.7102508248639
Type + PROATCE,Sciences,7600117,10.514389811017,12.0799035729311
Type + PROATCE,Sciences,7600119,-13.710380286805,11.9862167315787
Type + PROATCE,Sciences,7600121,-25.8289738307139,11.8030154648955
Type + PROATCE,Sciences,7600122,-8.27205234602048,20.3286733671271
Type + PROATCE,Sciences,7600123,9.93250259147717,13.3483876385299
Type + PROATCE,Sciences,7600124,-11.9138356737586,11.5994807153707
Type + PROATCE,Sciences,7600125,9.13938665697277,21.6112593545962
Type + PROATCE,Sciences,7600127,-63.0572554779718,14.4747091685371
Type + PROATCE,Sciences,7600128,-2.24532742570085,16.3994730675195
Type + PROATCE,Sciences,7600129,-31.3987113050695,16.2709163493973
Type + PROATCE,Sciences,7600130,-2.36573497769676,11.330646096904
Type + PROATCE,Sciences,7600131,5.92945420357308,10.0398686746814
Type + PROATCE,Sciences,7600132,1.71605023834209,16.1009170008593
Type + PROATCE,Sciences,7600133,-37.9780666925589,13.6035824058096
Type + PROATCE,Sciences,7600136,20.1807805697604,13.05441818073
Type + PROATCE,Sciences,7600137,7.8235000052587,18.266796109321
Type + PROATCE,Sciences,7600138,-33.7960577584663,12.7497229922757
Type + PROATCE,Sciences,7600139,22.1709586041023,14.4621555601164
Type + PROATCE,Sciences,7600140,3.99759868035935,11.0451255780437
Type + PROATCE,Sciences,7600143,-0.815897119548156,15.2650436807306
Type + PROATCE,Sciences,7600144,-4.1896366406061,11.5276753831759
Type + PROATCE,Sciences,7600145,-10.6469763619396,17.0831451381565
Type + PROATCE,Sciences,7600147,7.27795773807144,12.0470314625471
Type + PROATCE,Sciences,7600148,-3.28760762842815,22.0821305905067
Type + PROATCE,Sciences,7600149,58.5831655459861,13.2400199453889
Type + PROATCE,Sciences,7600150,-2.48219402399559,13.5040296836907
Type + PROATCE,Sciences,7600151,11.6812154913617,15.8083487718449
Type + PROATCE,Sciences,7600152,-46.5963916133717,22.9761628644186
Type + PROATCE,Sciences,7600153,-20.1445639005008,14.7068554626589
Type + PROATCE,Sciences,7600155,11.5873331277912,18.7662104524898
Type + PROATCE,Sciences,7600156,-51.0785481031229,10.7662544190956
Type + PROATCE,Sciences,7600158,32.4035523482151,12.8869805571182
Type + PROATCE,Sciences,7600159,14.3185686450052,11.0389131205569
Type + PROATCE,Sciences,7600161,8.72871990448286,13.7333109114743
Type + PROATCE,Sciences,7600163,-2.23884247723046,11.4936015814674
Type + PROATCE,Sciences,7600164,19.3336839452391,12.4547405088526
Type + PROATCE,Sciences,7600165,15.614344723223,11.6223910814219
Type + PROATCE,Sciences,7600166,-21.5116138173013,15.5114502043283
Type + PROATCE,Sciences,7600170,-26.1901755186834,14.6198639270302
Type + PROATCE,Sciences,7600172,-10.1574050866837,13.2658472476884
Type + PROATCE,Sciences,7600175,-2.53711274852374,19.4215410806791
Type + PROATCE,Sciences,7600176,-5.24602093680512,12.3832532078679
Type + PROATCE,Sciences,7600178,-11.3732163849763,12.0034589644989
Type + PROATCE,Sciences,7600179,1.33758019409333,11.8552442290729
Type + PROATCE,Sciences,7600182,-23.1188730661345,15.4565825540683
Type + PROATCE,Sciences,7600183,55.5271085565256,14.3065201775617
Type + PROATCE,Sciences,7600184,8.40070419226985,16.0927217029616
Type + PROATCE,Sciences,7600185,-53.2566594399462,12.6899306796339
Type + PROATCE,Sciences,7600186,23.1635914739125,14.4993155213291
Type + PROATCE,Sciences,7600187,25.282985336048,13.0506547275301
Type + PROATCE,Sciences,7600188,-20.8047464530292,12.6970751224301
Type + PROATCE,Sciences,7600191,-3.64732656502492,18.6963468603114
Type + PROATCE,Sciences,7600192,14.5227315596901,22.7679612363416
Type + PROATCE,Sciences,7600193,-15.1836050549848,15.9392669668371
Type + PROATCE,Sciences,7600194,-1.52983252502546,12.8127955580031
Type + PROATCE,Sciences,7600195,46.6499251173589,8.01826989235121
Type + PROATCE,Sciences,7600196,58.5617456755939,12.5782244627782
Type + PROATCE,Sciences,7600197,-32.0939163217711,13.2785234876517
Type + PROATCE,Sciences,7600198,-11.7664964994227,11.4915004204729
Type + PROATCE,Sciences,7600200,-38.4391708284145,12.3064079967805
Type + PROATCE,Sciences,7600201,2.31636533463175,16.222707499537
Type + PROATCE,Sciences,7600202,-20.3374262395195,14.807165042607
Type + PROATCE,Sciences,7600203,28.2852090783779,25.5290059429005
Type + PROATCE,Sciences,7600204,-12.9460460757062,11.0680930943264
Type + PROATCE,Sciences,7600205,-15.0601579346792,14.4181373023961
Type + PROATCE,Sciences,7600206,-57.8650167766712,13.956128933531
Type + PROATCE,Sciences,7600207,8.93594392838956,17.1864101358986
Type + PROATCE,Sciences,7600208,-33.1220265722313,13.9039331811799
Type + PROATCE,Sciences,7600209,11.3656056791656,18.2396080595723
Type + PROATCE,Sciences,7600212,-8.61107727767994,24.555652236646
Type + PROATCE,Sciences,7600213,-36.6652066388678,8.16944413300665
Type + PROATCE,Sciences,7600214,3.36006084942461,10.9771520022218
Type + PROATCE,Sciences,7600215,27.6652822513985,13.7878583954122
Type + PROATCE,Sciences,7600217,-20.6478287159377,10.3460221143838
Type + PROATCE,Sciences,7600218,-9.46914035444101,15.2478786921045
Type + PROATCE,Sciences,7600219,13.2430857229791,10.2549713370957
Type + PROATCE,Sciences,7600220,-10.146366473531,19.7077808091533
Type + PROATCE,Sciences,7600222,49.1756390852236,10.8369311551417
Type + PROATCE,Sciences,7600223,-29.1333740110763,10.8568012023869
Type + PROATCE,Sciences,7600224,-13.3214422438023,17.9812498455584
Type + PROATCE,Sciences,7600225,-3.96724118934854,13.9605284342992
Type + PROATCE,Sciences,7600227,-18.050889462785,10.4391051376762
Type + PROATCE,Sciences,7600228,-9.21833789700614,21.5368139031773
Type + PROATCE,Sciences,7600229,6.66216470940093,15.5629498772944
Type + PROATCE,Sciences,7600230,-2.18925556985013,10.6450305894851
Type + PROATCE,Sciences,7600231,-6.50674425759753,11.110450751031
Type + PROATCE,Sciences,7600232,-12.1836711783415,15.7079682702968
Type + PROATCE,Sciences,7600233,29.8524156961703,9.22511912371718
Type + PROATCE,Sciences,7600234,3.23338840005862,14.0514703449241
Type + PROATCE,Sciences,7600235,8.21766592939819,23.2766081852769
Type + PROATCE,Sciences,7600236,-28.0060577801046,14.8035572856382
Type + PROATCE,Sciences,7600237,-8.65492346001174,12.5601989685678
Type + PROATCE,Sciences,7600238,-14.5792124360776,19.552162466577
Type + PROATCE,Sciences,7600239,9.66726624577348,11.5539150579632
Type + PROATCE,Sciences,7600241,-16.9126294311505,20.5235552398941
Type + PROATCE,Sciences,7600242,-14.8045355606328,11.9266917204703
Type + PROATCE,Sciences,7600243,-35.0396898580801,14.6313424840298
Type + PROATCE,Sciences,7600244,-6.22032311640268,16.9208243079962
Type + PROATCE,Sciences,7600245,23.2453454098245,17.4159005066652
Type + PROATCE,Sciences,7600246,-3.54224221306758,16.3232227938457
Type + PROATCE,Sciences,7600247,88.8257644639422,12.5651465371837
Type + PROATCE,Sciences,7600249,8.25705359832168,26.0764548585275
Type + PROATCE,Sciences,7600250,-21.5429150204805,12.8110124579658
Type + PROATCE,Sciences,7600251,14.5311368553903,16.7046716971294
Type + PROATCE,Sciences,7600252,-18.3316297457189,23.7476755160061
Type + PROATCE,Sciences,7600253,29.2414189400892,8.36770577786215
Type + PROATCE,Sciences,7600254,40.5849047718896,12.6071438480994
Type + PROATCE,Sciences,7600255,8.31271790015625,11.7437345317379
Type + PROATCE,Sciences,7600256,18.7559365943403,26.6799064566203
Type + PROATCE,Sciences,7600259,-8.52478359385038,20.4079504630487
Type + PROATCE,Sciences,7600260,-12.5625595766504,13.3142568813997
Type + PROATCE,Sciences,7600261,-40.8533642200424,15.3667384413109
Type + PROATCE,Sciences,7600262,-13.7326683415679,17.6755120810015
Type + PROATCE,Sciences,7600263,-46.5019301393779,8.50002568434181
Type + PROATCE,Sciences,7600264,3.93524760862217,19.366763327839
Type + PROATCE,Sciences,7600268,-1.00618609127726,13.8304755494917
Type + PROATCE,Sciences,7600269,-4.49175072616556,10.1143238189423
Type + PROATCE,Sciences,7600270,-15.8255225428343,13.1465323270574
Type + PROATCE,Sciences,7600271,-21.9930446344008,17.5384380381888
Type + PROATCE,Sciences,7600273,-25.4548843268185,13.8256555619202
Type + PROATCE,Sciences,7600274,-1.61229915484451,11.6001734628871
Type + PROATCE,Sciences,7600275,16.1959487394617,22.4317590157796
Type + PROATCE,Sciences,7600276,19.1711134973895,7.85495241484447
Type + PROATCE,Sciences,7600277,0.228201553299618,13.8218461454739
Type + PROATCE,Sciences,7600278,16.4013986763918,18.4207329471992
Type + PROATCE,Sciences,7600279,17.6356219304387,16.6983853757725
Type + PROATCE,Sciences,7600280,-18.7396172147643,11.8802145761141
Type + PROATCE,Sciences,7600281,-21.4846541510372,11.0692498043261
Type + PROATCE,Sciences,7600282,10.6338574428199,9.97091981050492
Type + PROATCE,Sciences,7600283,7.94064124835964,12.0431981432227
Type + PROATCE,Sciences,7600284,4.18204811743054,12.9314305932456
Type + PROATCE,Sciences,7600285,26.2722131618351,16.7999079353088
Type + PROATCE,Sciences,7600286,17.8708477933056,12.8811338903354
Type + PROATCE,Sciences,7600287,11.1656921663307,16.185726994411
Type + PROATCE,Sciences,7600288,8.44155849712008,18.2060796773585
Type + PROATCE,Sciences,7600289,-22.6305286566834,21.4419170467325
Type + PROATCE,Sciences,7600290,0.315667522501063,13.9420054194486
Type + PROATCE,Sciences,7600291,21.2325412004533,11.7704577180797
Type + PROATCE,Sciences,7600293,-27.0990017015461,16.1578413703243
Type + PROATCE,Sciences,7600294,58.4469198675432,14.2603967987402
Type + PROATCE,Sciences,7600295,-1.84800122503063,13.549652027658
Type + PROATCE,Sciences,7600296,7.57155578678244,15.3702317697947
Type + PROATCE,Sciences,7600297,16.5841982760749,13.8810944411276
Type + PROATCE,Sciences,7600298,-13.7436366078127,14.1655391191536
Type + PROATCE,Sciences,7600299,-7.38944162493777,16.4248544245198
Type + PROATCE,Sciences,7600300,-21.1156594878649,13.6877983105531
Type + PROATCE,Sciences,7600302,-21.0664514263489,16.3503184781262
Type + PROATCE,Sciences,7600304,41.0572165180118,15.6679452426404
Type + PROATCE,Sciences,7600305,1.36228303107889,17.97696098056
Type + PROATCE,Sciences,7600307,9.8432220285925,12.2704330083733
Type + PROATCE,Sciences,7600308,-18.6643412332077,12.4685431954643
Type + PROATCE,Sciences,7600309,-8.68462456243343,15.7198307703613
Type + PROATCE,Sciences,7600310,-14.1154049627565,15.5652530417785
Type + PROATCE,Sciences,7600312,-56.0063501131811,12.8437446150998
Type + PROATCE,Sciences,7600313,5.23798292976452,20.9264258768015
Type + PROATCE,Sciences,7600316,-21.5297021231554,22.5397418429881
Type + PROATCE,Sciences,7600317,-14.3898971594124,14.5925342755016
Type + PROATCE,Sciences,7600318,63.3590613020925,15.9512913293264
Type + PROATCE,Sciences,7600319,-4.46924268276642,15.5952196947352
Type + PROATCE,Sciences,7600320,36.0090510171864,12.0300459454592
Type + PROATCE,Sciences,7600322,4.70884157853037,16.4019843235797
Type + PROATCE,Sciences,7600323,8.93234649674151,12.026585723974
Type + PROATCE,Sciences,7600324,-25.9616951323235,12.8106695303642
Type + PROATCE,Sciences,7600325,8.14830266766077,11.6031047997497
Type + PROATCE,Sciences,7600326,3.74471147550151,11.945697673379
Type + PROATCE,Sciences,7600327,-16.5568259257931,16.1478947517004
Type + PROATCE,Sciences,7600328,13.2200887242871,20.4435853180046
Type + PROATCE,Sciences,7600329,66.2871560181567,13.6780164870754
Type + PROATCE,Sciences,7600330,5.58451839105872,14.8523973819279
Type + PROATCE,Sciences,7600332,-4.38701393802703,25.0718145475417
Type + PROATCE,Sciences,7600333,20.6499641084831,16.1137059974011
Type + PROATCE,Sciences,7600334,-22.6509942161958,16.9510055330614
Type + PROATCE,Sciences,7600335,-15.326098823716,12.2873855557636
Type + PROATCE,Sciences,7600336,-31.0285989696303,17.0345279738889
Type + PROATCE,Sciences,7600337,-0.442346586817313,11.7551225300654
Type + PROATCE,Sciences,7600338,-22.3983412503507,14.3228013827621
Type + PROATCE,Sciences,7600339,-7.11073253943222,15.1115438222309
Type + PROATCE,Sciences,7600341,-14.3988282566562,11.7581842902024
Type + PROATCE,Sciences,7600342,-32.607326703187,17.9442443585733
Type + PROATCE,Sciences,7600343,68.3431249552153,12.2080678334172
Type + PROATCE,Sciences,7600344,3.88151771682642,25.1461932941999
Type + PROATCE,Sciences,7600345,15.1293505962432,17.5635462985097
Type + PROATCE,Sciences,7600347,44.163087621188,16.7940297120031
Type + PROATCE,Sciences,7600348,-58.1705268159998,12.7631881856821
Type + PROATCE,Sciences,7600349,12.3354880076263,15.9962903796826
Type + PROATCE,Sciences,7600351,-26.0924270668108,24.4446044742293
Type + PROATCE,Sciences,7600352,22.9889539513359,14.0260495580918
Type + PROATCE,Sciences,7600353,11.4017116679372,11.6571134373762
Type + PROATCE,Sciences,7600354,-17.9129636605878,13.2014237143922
Type + PROATCE,Sciences,7600357,-3.81782610941022,17.0507142483891
Type + PROATCE,Sciences,7600358,-2.53154805399499,21.0915861322529
Type + PROATCE,Sciences,7600359,10.9272716368811,15.1218148124762
Type + PROATCE,Sciences,7600360,-6.25748956037986,11.7304070564005
Type + PROATCE,Sciences,7600361,16.6450633004646,13.9940775589207
Type + PROATCE,Sciences,7600362,-8.78958755924427,16.0059022767579
Type + PROATCE,Sciences,7600363,-33.4695392546997,12.3787709352677
Type + PROATCE,Sciences,7600364,12.7578807111789,18.4431825369406
Type + PROATCE,Sciences,7600365,14.6913101243619,12.9220411479747
Type + PROATCE,Sciences,7600366,-13.9064579860226,13.560886336833
Type + PROATCE,Sciences,7600367,19.9449462386057,12.0948181983656
Type + PROATCE,Sciences,7600368,-23.7462736516268,20.3203031662544
Type + PROATCE,Sciences,7600369,-27.2978369227915,13.3459206043227
Type + PROATCE,Sciences,7600370,-13.2050805610964,20.937052189548
Type + PROATCE,Sciences,7600372,5.85388578162446,19.695231437951
Type + PROATCE,Sciences,7600373,-15.4774660106993,11.8394046959981
Type + PROATCE,Sciences,7600374,15.847471886281,12.2781195475331
Type + PROATCE,Sciences,7600375,-15.6393030785254,19.2353764413568
Type + PROATCE,Sciences,7600376,5.25599681711665,13.3339802191441
Type + PROATCE,Sciences,7600377,82.4440501024828,18.2895683045881
Type + PROATCE,Sciences,7600378,-9.15243148116294,14.6183326597506
Type + PROATCE,Sciences,7600379,-35.9161480191526,13.4148313998544
Type + PROATCE,Sciences,7600380,-3.43483696788831,14.1597759464178
Type + PROATCE,Sciences,7600382,-11.0761648636373,13.9445768276449
Type + PROATCE,Sciences,7600383,-23.0908864546023,14.7288850864449
Type + PROATCE,Sciences,7600384,-9.82979055136264,12.077075980288
Type + PROATCE,Sciences,7600385,20.720790096701,14.976155692307
Type + PROATCE,Sciences,7600386,-8.16292290200836,11.1718420855461
Type + PROATCE,Sciences,7600388,76.9068663975264,11.1867846951539
Type + PROATCE,Sciences,7600389,12.8062182623884,14.2983804151454
Type + PROATCE,Sciences,7600391,-9.5910850479457,13.3431131317946
Type + PROATCE,Sciences,7600394,-16.7665057316455,22.8271100007749
Type + PROATCE,Sciences,7600395,-9.80583889136499,12.4576800469311
Type + PROATCE,Sciences,7600396,27.5039716393666,14.3421216349906
Type + PROATCE,Sciences,7600397,-9.68967078416218,11.9107515318367
Type + PROATCE,Sciences,7600398,17.7533194650938,13.616477259886
Type + PROATCE,Sciences,7600399,22.3884862525897,12.4188686572253
Type + PROATCE,Sciences,7600400,-9.76399933093761,12.5086725670042
Type + PROATCE,Sciences,7600402,-7.29788187047849,15.086324882106
Type + PROATCE,Sciences,7600403,-2.93959112830294,12.3386194336285
Type + PROATCE,Sciences,7600404,-5.87365018509099,12.1221105029807
Type + PROATCE,Sciences,7600405,-1.8227554987284,13.9609266792239
Type + PROATCE,Sciences,7600406,-18.1781337173055,12.398919506438
Type + PROATCE,Sciences,7600407,37.8017050600475,17.7260767318134
Type + PROATCE,Sciences,7600408,-8.80491443701977,9.347186861894
Type + PROATCE,Sciences,7600410,15.0485350211782,18.4358023805677
Type + PROATCE,Sciences,7600411,27.1246821447885,16.5085880953852
Type + PROATCE,Sciences,7600412,2.33591445968277,20.8238101632523
Type + PROATCE,Sciences,7600413,-23.4928570977748,9.91155257888633
Type + PROATCE,Sciences,7600415,-21.8605395317468,18.7119529859098
Type + PROATCE,Sciences,7600417,-20.2187301118912,12.9784467245711
Type + PROATCE,Sciences,7600418,17.8920513229817,20.5623449591353
Type + PROATCE,Sciences,7600419,-8.76608404247963,15.9086717837718
Type + PROATCE,Sciences,7600420,-3.61119725267862,14.1715478115885
Type + PROATCE,Sciences,7600422,-2.65426421913052,13.1003825094934
Type + PROATCE,Sciences,7600425,1.21888137694203,16.2087542889843
Type + PROATCE,Sciences,7600426,-0.0291669878686228,15.400582473777
Type + PROATCE,Sciences,7600427,21.9783526320282,11.9188848677119
Type + PROATCE,Sciences,7600428,48.4000618112492,13.7904233425839
Type + PROATCE,Sciences,7600429,-14.158210805533,15.5667179561889
Type + PROATCE,Sciences,7600430,17.5219062088312,12.8114095240987
Type + PROATCE,Sciences,7600431,21.92447000848,18.8144698865017
Type + PROATCE,Sciences,7600432,-8.0131221305392,14.5382666173366
Type + PROATCE,Sciences,7600433,27.5343883494855,18.7767480213706
Type + PROATCE,Sciences,7600434,16.4342535579723,12.1039675482289
Type + PROATCE,Sciences,7600436,-38.0337000739219,12.2498601079362
Type + PROATCE,Sciences,7600438,16.0536723222773,25.0999988612472
Type + PROATCE,Sciences,7600439,-8.22072890178115,11.5061348688214
Type + PROATCE,Sciences,7600440,5.03171847008134,18.928150110853
Type + PROATCE,Sciences,7600442,-13.4462363902715,21.4742239515708
Type + PROATCE,Sciences,7600443,33.3785982192306,8.93349556785855
Type + PROATCE,Sciences,7600444,-2.40124256707735,12.4149783958384
Type + PROATCE,Sciences,7600445,2.15761009716406,13.7309442247169
Type + PROATCE,Sciences,7600446,-0.552115085924029,14.3254629629933
Type + PROATCE,Sciences,7600447,-2.45697843673913,15.251221938212
Type + PROATCE,Sciences,7600448,-11.7942755519106,11.7698095116711
Type + PROATCE,Sciences,7600449,33.2751092601873,15.9807189860023
Type + PROATCE,Sciences,7600450,-10.7491937032737,13.8541639348729
Type + PROATCE,Sciences,7600451,-19.8134716165193,13.1091578430245
Type + PROATCE,Sciences,7600454,7.55551583022286,13.5728184474237
Type + PROATCE,Sciences,7600456,-42.1029578430574,12.1301518353681
Type + PROATCE,Sciences,7600457,1.087097762958,19.7968231564348
Type + PROATCE,Sciences,7600458,-13.429232504404,17.1269141316236
Type + PROATCE,Sciences,7600459,-31.3691180137699,16.5631854667495
Type + PROATCE,Sciences,7600460,39.661538834918,15.1246060771654
Type + PROATCE,Sciences,7600461,6.18807697448608,12.38962063116
Type + PROATCE,Sciences,7600462,-0.651449708197332,17.5290230211003
Type + PROATCE,Sciences,7600463,20.8036136480481,13.122269094487
Type + PROATCE,Sciences,7600468,-34.6827303078216,11.4092768063654
Type + PROATCE,Sciences,7600470,-5.27312895782215,18.7061345329882
Type + PROATCE,Sciences,7600471,-3.12496879783374,12.0902995570984
Type + PROATCE,Sciences,7600474,-56.5446650544573,16.7217540801275
Type + PROATCE,Sciences,7600475,-11.0325685975771,15.0442289835981
Type + PROATCE,Sciences,7600476,-2.96572673686713,25.3464802509308
Type + PROATCE,Sciences,7600477,13.1410555688798,15.4685132249689
Type + PROATCE,Sciences,7600478,34.0619965818412,20.6864253102882
Type + PROATCE,Sciences,7600480,57.7115047477216,14.3770883149647
Type + PROATCE,Sciences,7600481,-4.13162603978618,17.2515023380027
Type + PROATCE,Sciences,7600483,-25.6916823738083,11.4335132740303
Type + PROATCE,Sciences,7600485,1.23627054242633,13.6532709398228
Type + PROATCE,Sciences,7600488,104.272511227284,13.4385175829357
Type + PROATCE,Sciences,7600489,12.9706323092553,17.7475554413228
Type + PROATCE,Sciences,7600490,-46.6916999688597,17.7648181754378
Type + PROATCE,Sciences,7600492,16.6824599245116,18.4673462366403
Type + PROATCE,Sciences,7600493,-31.7290823531909,10.6660891654138
Type + PROATCE,Sciences,7600497,114.401508052053,14.0393628434189
Type + PROATCE,Sciences,7600498,18.1039915613914,13.5995216400393
Type + PROATCE,Sciences,7600499,-1.16647620328491,12.6684211750098
Type + PROATCE,Sciences,7600500,58.6349313490747,14.9214480834706
Type + PROATCE,Sciences,7600501,9.54133460341196,12.8683315397537
Type + PROATCE,Sciences,7600502,-3.25210010597366,13.7133500090309
Type + PROATCE,Sciences,7600503,4.4382230565188,21.6219929274101
Type + PROATCE,Sciences,7600504,-30.4114922987389,16.595474612312
Type + PROATCE,Sciences,7600505,11.0786605450382,11.3646766740276
Type + PROATCE,Sciences,7600506,58.0881722441545,12.3666833215659
Type + PROATCE,Sciences,7600507,-27.5274340994074,17.2708982522791
Type + PROATCE,Sciences,7600508,-23.7393040061405,11.4748110249189
Type + PROATCE,Sciences,7600509,55.239508301693,15.5546292446811
Type + PROATCE,Sciences,7600512,-27.2361712560972,18.5308675664599
Type + PROATCE,Sciences,7600514,-42.7006150642655,12.3903681356997
Type + PROATCE,Sciences,7600515,-44.5944867212314,14.2439739732925
Type + PROATCE,Sciences,7600516,-9.78031548675686,14.2480983458622
Type + PROATCE,Sciences,7600517,2.07359845609035,11.3512756083515
Type + PROATCE,Sciences,7600520,-19.6399089287203,12.5592006571265
Type + PROATCE,Sciences,7600521,-36.2656281597469,16.3169020206158
Type + PROATCE,Sciences,7600522,-9.15789708624605,24.6343390405142
Type + PROATCE,Sciences,7600523,5.32782314121496,16.4237771281957
Type + PROATCE,Sciences,7600524,-9.32260278856491,16.8856129646037
Type + PROATCE,Sciences,7600526,100.900936871589,12.8746733961058
Type + PROATCE,Sciences,7600527,-4.69788925389716,13.8060747878072
Type + PROATCE,Sciences,7600529,19.1412972401143,14.4297527784113
Type + PROATCE,Sciences,7600530,-10.9012937133428,13.1707911340251
Type + PROATCE,Sciences,7600531,30.3797389501505,10.0077295163513
Type + PROATCE,Sciences,7600532,-9.8557083470791,18.6401058461757
Type + PROATCE,Sciences,7600533,31.8290496219082,11.3470213187369
Type + PROATCE,Sciences,7600535,-19.3122740097495,24.0802673723857
Type + PROATCE,Sciences,7600537,-3.38764916508477,15.1209925164867
Type + PROATCE,Sciences,7600539,-24.9974552995619,19.5735647580741
Type + PROATCE,Sciences,7600540,-16.7250145945122,11.4631678737577
Type + PROATCE,Sciences,7600541,72.7947931463358,11.7526367349854
Type + PROATCE,Sciences,7600542,15.7736419935067,11.3671525316225
Type + PROATCE,Sciences,7600543,43.5313128958742,13.8501437721314
Type + PROATCE,Sciences,7600544,8.7566380334108,22.9062796949842
Type + PROATCE,Sciences,7600546,-15.6613416002668,11.5125518349295
Type + PROATCE,Sciences,7600547,44.7074307453832,10.5363820930256
Type + PROATCE,Sciences,7600548,-35.4055582309099,16.6291136537658
Type + PROATCE,Sciences,7600549,6.49789227577897,18.3993092459636
Type + PROATCE,Sciences,7600550,-6.45839353441973,13.6780019735072
Type + PROATCE,Sciences,7600551,60.8530049881332,8.44147763842305
Type + PROATCE,Sciences,7600552,-15.1069742334578,24.1508332235196
Type + PROATCE,Sciences,7600553,1.34977714644452,14.8461580146263
Type + PROATCE,Sciences,7600554,-36.0581752073083,21.3428922681416
Type + PROATCE,Sciences,7600555,-8.42954990615305,11.6524048713374
Type + PROATCE,Sciences,7600556,-19.3428882778242,14.1477817469028
Type + PROATCE,Sciences,7600557,7.78556181688505,14.310753471772
Type + PROATCE,Sciences,7600558,-8.36452617319798,17.1826476978955
Type + PROATCE,Sciences,7600560,-49.3221034198327,8.65258229104337
Type + PROATCE,Sciences,7600561,16.2666346057827,25.1730242639376
Type + PROATCE,Sciences,7600563,22.6772131791154,13.4173723284748
Type + PROATCE,Sciences,7600565,-28.9600836058473,18.7529000693653
Type + PROATCE,Sciences,7600566,-23.8354649437671,16.7892659257933
Type + PROATCE,Sciences,7600567,-34.8848449777379,16.1192107671523
Type + PROATCE,Sciences,7600568,16.9734436434399,10.7639473215113
Type + PROATCE,Sciences,7600570,-20.2223491770971,14.1570083570924
Type + PROATCE,Sciences,7600571,5.04274786184196,16.1172243647152
Type + PROATCE,Sciences,7600573,-20.2460898381056,14.7751041733986
Type + PROATCE,Sciences,7600574,-11.259539355728,12.3636693223004
Type + PROATCE,Sciences,7600575,-5.07389799668175,10.6170587510127
Type + PROATCE,Sciences,7600577,-39.1288254790899,16.7799305040845
Type + PROATCE,Sciences,7600578,-10.0769008450276,13.8021890542173
Type + PROATCE,Sciences,7600579,-9.06209964398619,13.3718505627652
Type + PROATCE,Sciences,7600580,4.33654837242816,25.5777524612008
Type + PROATCE,Sciences,7600581,-30.9035437958821,13.3676061281091
Type + PROATCE,Sciences,7600582,-60.0491723167072,12.8440053023896
Type + PROATCE,Sciences,7600583,53.9054158016416,9.79351304402505
Type + PROATCE,Sciences,7600584,28.2715919764161,12.2945747887929
Type + PROATCE,Sciences,7600586,-3.21497386840198,12.9985603428168
Type + PROATCE,Sciences,7600587,14.570060718373,14.5763622680999
Type + PROATCE,Sciences,7600589,-28.5051808304326,10.8085443633471
Type + PROATCE,Sciences,7600590,2.02183945624734,10.4770262021426
Type + PROATCE,Sciences,7600591,12.2023580480811,23.6147714694643
Type + PROATCE,Sciences,7600593,-19.5619180146318,17.3840356966606
Type + PROATCE,Sciences,7600594,15.4733417367478,11.5038491612245
Type + PROATCE,Sciences,7600595,-18.1724814165868,11.315741562619
Type + PROATCE,Sciences,7600596,-29.7143415561245,14.3696340762768
Type + PROATCE,Sciences,7600597,12.8092569349023,20.7363010049869
Type + PROATCE,Sciences,7600598,81.8129375281914,10.9083762419049
Type + PROATCE,Sciences,7600600,-17.4916482171068,19.0013003699571
Type + PROATCE,Sciences,7600601,33.2887996278069,11.0328797692079
Type + PROATCE,Sciences,7600602,5.9689128044663,15.4477293554147
Type + PROATCE,Sciences,7600603,33.863718299114,16.893075788858
Type + PROATCE,Sciences,7600604,12.4425766325029,21.8848952546949
Type + PROATCE,Sciences,7600605,13.6529842547274,10.3094628137723
Type + PROATCE,Sciences,7600608,-36.3411641814238,12.7680239723671
Type + PROATCE,Sciences,7600609,-20.8868241468344,20.6158047548124
Type + PROATCE,Sciences,7600610,-45.0165098475679,16.6269795894761
Type + PROATCE,Sciences,7600611,15.2598684857244,14.3262531493753
Type + PROATCE,Sciences,7600612,-20.6965536495804,14.918095580474
Type + PROATCE,Sciences,7600613,2.26195972266898,19.2704059685367
Type + PROATCE,Sciences,7600615,5.0436991245498,14.4425659506113
Type + PROATCE,Sciences,7600616,16.3155515886191,10.7057973165856
Type + PROATCE,Sciences,7600617,27.3295491204692,11.6741233249782
Type + PROATCE,Sciences,7600618,7.6467471954531,21.084687983538
Type + PROATCE,Sciences,7600619,-37.581664700586,17.8310601542784
Type + PROATCE,Sciences,7600620,4.51164113884635,12.5223495704064
Type + PROATCE,Sciences,7600621,9.10922504941082,11.8007364244741
Type + PROATCE,Sciences,7600622,-21.4005316262863,15.9367780091745
Type + PROATCE,Sciences,7600624,6.93518850825594,12.205591153898
Type + PROATCE,Sciences,7600625,-26.7343876309373,13.657139375643
